Workbook

Sheet Snacks
A1: Dark Chocolate Chunk Granola Bar
A2: Serving Size | B2: 1 bar | C2: 2 Bars
A3: Calories | B3: 90 | C3: =SUM(B3*2) -> 180
A4: Fat | B4: 2g | C4: =SUM(IF(ISNUMBER( SEARCH("g",B4)), LEFT(B4, LEN(B4)-1)*1, "")*2)&"g" -> 4g
A5: Saturated Fat | B5: 0.5g | C5: =SUM(IF(ISNUMBER( SEARCH("g",B5)), LEFT(B5, LEN(B5)-1)*1, "")*2)&"g" -> 1g
A6: Cholesterol | B6: 80mg | C6: =SUM(IF(ISNUMBER( SEARCH("mg",B6)), LEFT(B6, LEN(B6)-2)*1, "")*2)&"mg" -> 160mg
A7: Sodium | B7: 19mg | C7: =SUM(IF(ISNUMBER( SEARCH("mg",B7)), LEFT(B7, LEN(B7)-2)*1, "")*2)&"mg" -> 38mg
A8: Carbohydrates | B8: 1g | C8: =SUM(IF(ISNUMBER( SEARCH("g",B8)), LEFT(B8, LEN(B8)-1)*1, "")*2)&"g" -> 2g
A9: Fiber | B9: 7g | C9: =SUM(IF(ISNUMBER( SEARCH("g",B9)), LEFT(B9, LEN(B9)-1)*1, "")*2)&"g" -> 14g
A10: Sugar | B10: 7g | C10: =SUM(IF(ISNUMBER( SEARCH("g",B10)), LEFT(B10, LEN(B10)-1)*1, "")*2)&"g" -> 14g
A11: Added Suger | B11: 1g | C11: =SUM(IF(ISNUMBER( SEARCH("g",B11)), LEFT(B11, LEN(B11)-1)*1, "")*2)&"g" -> 2g
A12: Protein | B12: 1g | C12: =SUM(IF(ISNUMBER( SEARCH("g",B12)), LEFT(B12, LEN(B12)-1)*1, "")*2)&"g" -> 2g
A13: Peanut Butter Chocolate Chip Granola Bar
A14: Serving Size | B14: 1 bar | C14: 2 bars
A15: Calories | B15: 100 | C15: =SUM(B15*2) -> 200
A16: Fat | B16: 3g | C16: =SUM(IF(ISNUMBER( SEARCH("g",B16)), LEFT(B16, LEN(B16)-1)*1, "")*2)&"g" -> 6g
A17: Saturated Fat | B17: 1g | C17: =SUM(IF(ISNUMBER( SEARCH("g",B17)), LEFT(B17, LEN(B17)-1)*1, "")*2)&"g" -> 2g
A18: Cholesterol | B18: 0mg | C18: =SUM(IF(ISNUMBER( SEARCH("mg",B18)), LEFT(B18, LEN(B18)-2)*1, "")*2)&"mg" -> 0mg
A19: Sodium | B19: 95mg | C19: =SUM(IF(ISNUMBER( SEARCH("mg",B19)), LEFT(B19, LEN(B19)-2)*1, "")*2)&"mg" -> 190mg
A20: Carbohydrates | B20: 17g | C20: =SUM(IF(ISNUMBER( SEARCH("g",B20)), LEFT(B20, LEN(B20)-1)*1, "")*2)&"g" -> 34g
A21: Fiber | B21: 1g | C21: =SUM(IF(ISNUMBER( SEARCH("g",B21)), LEFT(B21, LEN(B21)-1)*1, "")*2)&"g" -> 2g
A22: Sugar | B22: 7g | C22: =SUM(IF(ISNUMBER( SEARCH("g",B22)), LEFT(B22, LEN(B22)-1)*1, "")*2)&"g" -> 14g
A23: Added Sugar | B23: 7g | C23: =SUM(IF(ISNUMBER( SEARCH("g",B23)), LEFT(B23, LEN(B23)-1)*1, "")*2)&"g" -> 14g
A24: Protein | B24: 2g | C24: =SUM(IF(ISNUMBER( SEARCH("g",B24)), LEFT(B24, LEN(B24)-1)*1, "")*2)&"g" -> 4g
A25: Chocolate Chip Granola Bar
A26: Serving Size | B26: 1 bar | C26: 2 bars
A27: Calories | B27: 100 | C27: =SUM(B27*2) -> 200
A28: Fat | B28: 3.5g | C28: =SUM(IF(ISNUMBER( SEARCH("g",B28)), LEFT(B28, LEN(B28)-1)*1, "")*2)&"g" -> 7g
A29: Saturated Fat | B29: 1.5g | C29: =SUM(IF(ISNUMBER( SEARCH("g",B29)), LEFT(B29, LEN(B29)-1)*1, "")*2)&"g" -> 3g
A30: Cholesterol | B30: 0mg | C30: =SUM(IF(ISNUMBER( SEARCH("mg",B30)), LEFT(B30, LEN(B30)-2)*1, "")*2)&"mg" -> 0mg
A31: Sodium | B31: 70mg | C31: =SUM(IF(ISNUMBER( SEARCH("mg",B31)), LEFT(B31, LEN(B31)-2)*1, "")*2)&"mg" -> 140mg
A32: Carbohydrates | B32: 17g | C32: =SUM(IF(ISNUMBER( SEARCH("g",B32)), LEFT(B32, LEN(B32)-1)*1, "")*2)&"g" -> 34g
A33: Fiber | B33: 1g | C33: =SUM(IF(ISNUMBER( SEARCH("g",B33)), LEFT(B33, LEN(B33)-1)*1, "")*2)&"g" -> 2g
A34: Sugar | B34: 7g | C34: =SUM(IF(ISNUMBER( SEARCH("g",B34)), LEFT(B34, LEN(B34)-1)*1, "")*2)&"g" -> 14g
A35: Added Suger | B35: 7g | C35: =SUM(IF(ISNUMBER( SEARCH("g",B35)), LEFT(B35, LEN(B35)-1)*1, "")*2)&"g" -> 14g
A36: Protein | B36: 1g | C36: =SUM(IF(ISNUMBER( SEARCH("g",B36)), LEFT(B36, LEN(B36)-1)*1, "")*2)&"g" -> 2g
A37: Planters Honey Roasted Peanuts
A38: Serving Size | B38: 1 ounce | C38: 2 ounces
A39: Calories | B39: 160 | C39: =SUM(B39*2) -> 320
A40: Fat | B40: 13g | C40: =SUM(IF(ISNUMBER( SEARCH("g",B40)), LEFT(B40, LEN(B40)-1)*1, "")*2)&"g" -> 26g
A41: Saturated Fat | B41: 2g | C41: =SUM(IF(ISNUMBER( SEARCH("g",B41)), LEFT(B41, LEN(B41)-1)*1, "")*2)&"g" -> 4g
A42: Cholesterol | B42: 0mg | C42: =SUM(IF(ISNUMBER( SEARCH("mg",B42)), LEFT(B42, LEN(B42)-2)*1, "")*2)&"mg" -> 0mg
A43: Sodium | B43: 85mg | C43: =SUM(IF(ISNUMBER( SEARCH("mg",B43)), LEFT(B43, LEN(B43)-2)*1, "")*2)&"mg" -> 170mg
A44: Carbohydrates | B44: 7g | C44: =SUM(IF(ISNUMBER( SEARCH("g",B44)), LEFT(B44, LEN(B44)-1)*1, "")*2)&"g" -> 14g
A45: Fiber | B45: 2g | C45: =SUM(IF(ISNUMBER( SEARCH("g",B45)), LEFT(B45, LEN(B45)-1)*1, "")*2)&"g" -> 4g
A46: Sugar | B46: 4g | C46: =SUM(IF(ISNUMBER( SEARCH("g",B46)), LEFT(B46, LEN(B46)-1)*1, "")*2)&"g" -> 8g
A47: Added Sugar | B47: 2g | C47: =SUM(IF(ISNUMBER( SEARCH("g",B47)), LEFT(B47, LEN(B47)-1)*1, "")*2)&"g" -> 4g
A48: Protein | B48: 7g | C48: =SUM(IF(ISNUMBER( SEARCH("g",B48)), LEFT(B48, LEN(B48)-1)*1, "")*2)&"g" -> 14g
A49: Dark Chocolate Mocha Cliff Coffee Bar
A50: Serving Size | B50: 1 bar
A51: Calories | B51: 250
A52: Fat | B52: 5g
A53: Saturated Fat | B53: 1.5g
A54: Cholesterol | B54: 0mg
A55: Sodium | B55: 260mg
A56: Carbohydrates | B56: 44g
A57: Fiber | B57: 4g
A58: Sugar | B58: 19g
A59: Added Sugar | B59: 18g
A60: Protein | B60: 9g
A61: Caramel Macchiato Cliff Coffee Bar
A62: Serving Size | B62: 1 bar
A63: Calories | B63: 250
A64: Fat | B64: 4.5g
A65: Saturated Fat | B65: 1g
A66: Cholesterol | B66: 0mg
A67: Sodium | B67: 230mg
A68: Carbohydrates | B68: 45g
A69: Fiber | B69: 4g
A70: Sugars | B70: 20g
A71: Added Sugar | B71: 19g
A72: Protein | B72: 9g
A73: Vanilla Almond Latte Cliff Coffee Bar
A74: Serving Size | B74: 1 bar
A75: Claories | B75: 260
A76: Fat | B76: 6g
A77: Saturated | B77: 1.5g
A78: Sodium | B78: 220mg
A79: Cholesterol | B79: 0mg
A80: Carbohydrates | B80: 43g
A81: Fiber | B81: 4g
A82: Sugar | B82: 20g
A83: Added Sugar | B83: 19g
A84: Protein | B84: 9g
A85: Doritos Nacho Cheese Chips
A86: Serving Size | B86: 1 oz(28g/About 12 chips)
A87: Calories | B87: 140
A88: Fat | B88: 8g
A89: Saturated Fat | B89: 1g
A90: Cholesterol | B90: 0mg
A91: Sodium | B91: 210mg
A92: Carbohydrates | B92: 16g
A93: Fiber | B93: 1g
A94: Sugar | B94: 0g
A95: Added Sugar | B95: 0g
A96: Protein | B96: 2g
A97: Doritos Cool Ranch Chips
A98: Serving Size | B98: 1 oz (28g/About 12 chips)
A99: Calories | B99: 150
A100: Fat | B100: 8g
...

Sheet Spreads
A1: JIF Peanut Butter
A2: Servig Size | B2: 1 Tbsp | C2: 2 Tbsp | D2: 3 Tbsp
A3: Calories | B3: 95 | C3: =(B3*2) -> 190 | D3: =(B3*3) -> 285
A4: Fat | B4: 8g | C4: =SUM(IF(ISNUMBER( SEARCH("g",B4)), LEFT(B4, LEN(B4)-1)*1, "")*2)&"g" -> 16g | D4: =SUM(IF(ISNUMBER( SEARCH("g",B4)), LEFT(B4, LEN(B4)-1)*1, "")*3)&"g" -> 24g
A5: Saturated Fat | B5: 2g | C5: =SUM(IF(ISNUMBER( SEARCH("g",B5)), LEFT(B5, LEN(B5)-1)*1, "")*2)&"g" -> 4g | D5: =SUM(IF(ISNUMBER( SEARCH("g",B5)), LEFT(B5, LEN(B5)-1)*1, "")*3)&"g" -> 6g
A6: Cholesterol | B6: 0mg | C6: =SUM(IF(ISNUMBER( SEARCH("mg",B6)), LEFT(B6, LEN(B6)-2)*1, "")*2)&"mg" -> 0mg | D6: =SUM(IF(ISNUMBER( SEARCH("mg",B6)), LEFT(B6, LEN(B6)-2)*1, "")*3)&"mg" -> 0mg
A7: Sodium | B7: 70mg | C7: =SUM(IF(ISNUMBER( SEARCH("mg",B7)), LEFT(B7, LEN(B7)-2)*1, "")*2)&"mg" -> 140mg | D7: =SUM(IF(ISNUMBER( SEARCH("mg",B7)), LEFT(B7, LEN(B7)-2)*1, "")*3)&"mg" -> 210mg
A8: Carbohydrates | B8: 4g | C8: =SUM(IF(ISNUMBER( SEARCH("g",B8)), LEFT(B8, LEN(B8)-1)*1, "")*2)&"g" -> 8g | D8: =SUM(IF(ISNUMBER( SEARCH("g",B8)), LEFT(B8, LEN(B8)-1)*1, "")*3)&"g" -> 12g
A9: Fiber | B9: 1g | C9: =SUM(IF(ISNUMBER( SEARCH("g",B9)), LEFT(B9, LEN(B9)-1)*1, "")*2)&"g" -> 2g | D9: =SUM(IF(ISNUMBER( SEARCH("g",B9)), LEFT(B9, LEN(B9)-1)*1, "")*3)&"g" -> 3g
A10: Sugar | B10: 2g | C10: =SUM(IF(ISNUMBER( SEARCH("g",B10)), LEFT(B10, LEN(B10)-1)*1, "")*2)&"g" -> 4g | D10: =SUM(IF(ISNUMBER( SEARCH("g",B10)), LEFT(B10, LEN(B10)-1)*1, "")*3)&"g" -> 6g
A11: Added Sugar | B11: 1g | C11: =SUM(IF(ISNUMBER( SEARCH("g",B11)), LEFT(B11, LEN(B11)-1)*1, "")*2)&"g" -> 2g | D11: =SUM(IF(ISNUMBER( SEARCH("g",B11)), LEFT(B11, LEN(B11)-1)*1, "")*3)&"g" -> 3g
A12: Protein | B12: 3.5g | C12: =SUM(IF(ISNUMBER( SEARCH("g",B12)), LEFT(B12, LEN(B12)-1)*1, "")*2)&"g" -> 7g | D12: =SUM(IF(ISNUMBER( SEARCH("g",B12)), LEFT(B12, LEN(B12)-1)*1, "")*3)&"g" -> 10.5g
A13: Tree Hive Maple Syrup + Honey
A14: Serving Size | B14: 1 Tbsp | C14: 2 Tbsp
A15: Calories | B15: 110 | C15: =(B15*2) -> 220
A16: Fat | B16: 0g | C16: =SUM(IF(ISNUMBER( SEARCH("g",B16)), LEFT(B16, LEN(B16)-1)*1, "")*2)&"g" -> 0g
A17: Saturated Fat | B17: 0g | C17: =SUM(IF(ISNUMBER( SEARCH("g",B17)), LEFT(B17, LEN(B17)-1)*1, "")*2)&"g" -> 0g
A18: Cholesterol | B18: 0mg | C18: =SUM(IF(ISNUMBER( SEARCH("mg",B18)), LEFT(B18, LEN(B18)-2)*1, "")*2)&"mg" -> 0mg
A19: Sodium | B19: 30mg | C19: =SUM(IF(ISNUMBER( SEARCH("mg",B19)), LEFT(B19, LEN(B19)-2)*1, "")*2)&"mg" -> 60mg
A20: Carbohydrates | B20: 29g | C20: =SUM(IF(ISNUMBER( SEARCH("g",B20)), LEFT(B20, LEN(B20)-1)*1, "")*2)&"g" -> 58g
A21: Fiber | B21: 0g | C21: =SUM(IF(ISNUMBER( SEARCH("g",B21)), LEFT(B21, LEN(B21)-1)*1, "")*2)&"g" -> 0g
A22: Sugar | B22: 26g | C22: =SUM(IF(ISNUMBER( SEARCH("g",B22)), LEFT(B22, LEN(B22)-1)*1, "")*2)&"g" -> 52g
A23: Added Sugar | B23: 0g | C23: =SUM(IF(ISNUMBER( SEARCH("g",B23)), LEFT(B23, LEN(B23)-1)*1, "")*2)&"g" -> 0g
A24: Protein | B24: 0g | C24: =SUM(IF(ISNUMBER( SEARCH("g",B24)), LEFT(B24, LEN(B24)-1)*1, "")*2)&"g" -> 0g
A25: Kirkland Organic Starwberry Spread
A26: Serving Size | B26: 1 Tbsp | C26: 2 Tbsp
A27: Calories | B27: 35 | C27: =(B27*2) -> 70
A28: Fat | B28: 0g | C28: =SUM(IF(ISNUMBER( SEARCH("g",B28)), LEFT(B28, LEN(B28)-1)*1, "")*2)&"g" -> 0g
A29: Saturated Fat | B29: 0g | C29: =SUM(IF(ISNUMBER( SEARCH("g",B29)), LEFT(B29, LEN(B29)-1)*1, "")*2)&"g" -> 0g
A30: Cholesterol | B30: 0mg | C30: =SUM(IF(ISNUMBER( SEARCH("mg",B30)), LEFT(B30, LEN(B30)-2)*1, "")*2)&"mg" -> 0mg
A31: Sodium | B31: 0mg | C31: =SUM(IF(ISNUMBER( SEARCH("mg",B31)), LEFT(B31, LEN(B31)-2)*1, "")*2)&"mg" -> 0mg
A32: Carbohydrates | B32: 9g | C32: =SUM(IF(ISNUMBER( SEARCH("g",B32)), LEFT(B32, LEN(B32)-1)*1, "")*2)&"g" -> 18g
A33: Fiber | B33: 0g | C33: =SUM(IF(ISNUMBER( SEARCH("g",B33)), LEFT(B33, LEN(B33)-1)*1, "")*2)&"g" -> 0g
A34: Sugar | B34: 9g | C34: =SUM(IF(ISNUMBER( SEARCH("g",B34)), LEFT(B34, LEN(B34)-1)*1, "")*2)&"g" -> 18g
A35: Added Sugar | B35: 8g | C35: =SUM(IF(ISNUMBER( SEARCH("g",B35)), LEFT(B35, LEN(B35)-1)*1, "")*2)&"g" -> 16g
A36: Protein | B36: 0g | C36: =SUM(IF(ISNUMBER( SEARCH("g",B36)), LEFT(B36, LEN(B36)-1)*1, "")*2)&"g" -> 0g
A37: Kirkland Raspberry Spread
A38: Serving Size | B38: 1 Tbsp | C38: 2 Tbsp
A39: Calories | B39: 40 | C39: =(B39*2) -> 80
A40: Fat | B40: 0g | C40: =SUM(IF(ISNUMBER( SEARCH("g",B40)), LEFT(B40, LEN(B40)-1)*1, "")*2)&"g" -> 0g
A41: Saturated Fat | B41: 0g | C41: =SUM(IF(ISNUMBER( SEARCH("g",B41)), LEFT(B41, LEN(B41)-1)*1, "")*2)&"g" -> 0g
A42: Cholesterol | B42: 0mg | C42: =SUM(IF(ISNUMBER( SEARCH("mg",B42)), LEFT(B42, LEN(B42)-2)*1, "")*2)&"mg" -> 0mg
A43: Sodium | B43: 10mg | C43: =SUM(IF(ISNUMBER( SEARCH("mg",B43)), LEFT(B43, LEN(B43)-2)*1, "")*2)&"mg" -> 20mg
A44: Carbohydrates | B44: 9g | C44: =SUM(IF(ISNUMBER( SEARCH("g",B44)), LEFT(B44, LEN(B44)-1)*1, "")*2)&"g" -> 18g
A45: Fiber | B45: 0g | C45: =SUM(IF(ISNUMBER( SEARCH("g",B45)), LEFT(B45, LEN(B45)-1)*1, "")*2)&"g" -> 0g
A46: Sugar | B46: 8g | C46: =SUM(IF(ISNUMBER( SEARCH("g",B46)), LEFT(B46, LEN(B46)-1)*1, "")*2)&"g" -> 16g
A47: Added Sugar | B47: 0g | C47: =SUM(IF(ISNUMBER( SEARCH("g",B47)), LEFT(B47, LEN(B47)-1)*1, "")*2)&"g" -> 0g
A48: Protein | B48: 0g | C48: =SUM(IF(ISNUMBER( SEARCH("g",B48)), LEFT(B48, LEN(B48)-1)*1, "")*2)&"g" -> 0g
A49: Smuckers Pineapple Preserve
A50: Serving Size | B50: 1 Tbsp | C50: 2 Tbsp
A51: Calories | B51: 50 | C51: =(B51*2) -> 100
A52: Fat | B52: 0g | C52: =SUM(IF(ISNUMBER( SEARCH("g",B52)), LEFT(B52, LEN(B52)-1)*1, "")*2)&"g" -> 0g
A53: Saturated Fat | B53: 0g | C53: =SUM(IF(ISNUMBER( SEARCH("g",B53)), LEFT(B53, LEN(B53)-1)*1, "")*2)&"g" -> 0g
A54: Cholesterol | B54: 0mg | C54: =SUM(IF(ISNUMBER( SEARCH("mg",B54)), LEFT(B54, LEN(B54)-2)*1, "")*2)&"mg" -> 0mg
A55: Sodium | B55: 0mg | C55: =SUM(IF(ISNUMBER( SEARCH("mg",B55)), LEFT(B55, LEN(B55)-2)*1, "")*2)&"mg" -> 0mg
A56: Carbohydrates | B56: 0g | C56: =SUM(IF(ISNUMBER( SEARCH("g",B56)), LEFT(B56, LEN(B56)-1)*1, "")*2)&"g" -> 0g
A57: Fiber | B57: 13g | C57: =SUM(IF(ISNUMBER( SEARCH("g",B57)), LEFT(B57, LEN(B57)-1)*1, "")*2)&"g" -> 26g
A58: Sugar | B58: 12g | C58: =SUM(IF(ISNUMBER( SEARCH("g",B58)), LEFT(B58, LEN(B58)-1)*1, "")*2)&"g" -> 24g
A59: Added Sugar | B59: 9g | C59: =SUM(IF(ISNUMBER( SEARCH("g",B59)), LEFT(B59, LEN(B59)-1)*1, "")*2)&"g" -> 18g
A60: Protein | B60: 0g | C60: =SUM(IF(ISNUMBER( SEARCH("g",B60)), LEFT(B60, LEN(B60)-1)*1, "")*2)&"g" -> 0g

Sheet Meat
A1: Ground Pork
A2: Serving Size | B2: 4 ounces | C2: 8 ounces | D2: 12 ounces | E2: 16 ounces
A3: Calories | B3: 350 | C3: =(B3*2) -> 700 | D3: =C3*1.5 -> 1050 | E3: =(B3*4) -> 1400
A4: Fat | B4: 31g | C4: =SUM(IF(ISNUMBER( SEARCH("g",B4)), LEFT(B4, LEN(B4)-1)*1, "")*2)&"g" -> 62g | D4: =SUM(IF(ISNUMBER( SEARCH("g",B4)), LEFT(B4, LEN(B4)-1)*1, "")*3)&"g" -> 93g | E4: =SUM(IF(ISNUMBER( SEARCH("g",B4)), LEFT(B4, LEN(B4)-1)*1, "")*4)&"g" -> 124g
A5: Saturated Fat | B5: 12g | C5: =SUM(IF(ISNUMBER( SEARCH("g",B5)), LEFT(B5, LEN(B5)-1)*1, "")*2)&"g" -> 24g | D5: =SUM(IF(ISNUMBER( SEARCH("g",B5)), LEFT(B5, LEN(B5)-1)*1, "")*3)&"g" -> 36g | E5: =SUM(IF(ISNUMBER( SEARCH("g",B5)), LEFT(B5, LEN(B5)-1)*1, "")*4)&"g" -> 48g
A6: Cholesterol | B6: 80mg | C6: =SUM(IF(ISNUMBER( SEARCH("mg",B6)), LEFT(B6, LEN(B6)-2)*1, "")*2)&"mg" -> 160mg | D6: =SUM(IF(ISNUMBER( SEARCH("mg",B6)), LEFT(B6, LEN(B6)-2)*1, "")*3)&"mg" -> 240mg | E6: =SUM(IF(ISNUMBER( SEARCH("mg",B6)), LEFT(B6, LEN(B6)-2)*1, "")*4)&"mg" -> 320mg
A7: Sodium | B7: 0mg | C7: =SUM(IF(ISNUMBER( SEARCH("mg",B7)), LEFT(B7, LEN(B7)-2)*1, "")*2)&"mg" -> 0mg | D7: =SUM(IF(ISNUMBER( SEARCH("mg",B7)), LEFT(B7, LEN(B7)-2)*1, "")*3)&"mg" -> 0mg | E7: =SUM(IF(ISNUMBER( SEARCH("mg",B7)), LEFT(B7, LEN(B7)-2)*1, "")*4)&"mg" -> 0mg
A8: Carbohydrates | B8: 0g | C8: =SUM(IF(ISNUMBER( SEARCH("g",B8)), LEFT(B8, LEN(B8)-1)*1, "")*2)&"g" -> 0g | D8: =SUM(IF(ISNUMBER( SEARCH("g",B8)), LEFT(B8, LEN(B8)-1)*1, "")*3)&"g" -> 0g | E8: =SUM(IF(ISNUMBER( SEARCH("g",B8)), LEFT(B8, LEN(B8)-1)*1, "")*4)&"g" -> 0g
A9: Fiber | B9: 0g | C9: =SUM(IF(ISNUMBER( SEARCH("g",B9)), LEFT(B9, LEN(B9)-1)*1, "")*2)&"g" -> 0g | D9: =SUM(IF(ISNUMBER( SEARCH("g",B9)), LEFT(B9, LEN(B9)-1)*1, "")*3)&"g" -> 0g | E9: =SUM(IF(ISNUMBER( SEARCH("g",B9)), LEFT(B9, LEN(B9)-1)*1, "")*4)&"g" -> 0g
A10: Sugar | B10: 0g | C10: =SUM(IF(ISNUMBER( SEARCH("g",B10)), LEFT(B10, LEN(B10)-1)*1, "")*2)&"g" -> 0g | D10: =SUM(IF(ISNUMBER( SEARCH("g",B10)), LEFT(B10, LEN(B10)-1)*1, "")*3)&"g" -> 0g | E10: =SUM(IF(ISNUMBER( SEARCH("g",B10)), LEFT(B10, LEN(B10)-1)*1, "")*4)&"g" -> 0g
A11: Added Sugar | B11: 0g | C11: =SUM(IF(ISNUMBER( SEARCH("g",B11)), LEFT(B11, LEN(B11)-1)*1, "")*2)&"g" -> 0g | D11: =SUM(IF(ISNUMBER( SEARCH("g",B11)), LEFT(B11, LEN(B11)-1)*1, "")*3)&"g" -> 0g | E11: =SUM(IF(ISNUMBER( SEARCH("g",B11)), LEFT(B11, LEN(B11)-1)*1, "")*4)&"g" -> 0g
A12: Protein | B12: 19g | C12: =SUM(IF(ISNUMBER( SEARCH("g",B12)), LEFT(B12, LEN(B12)-1)*1, "")*2)&"g" -> 38g | D12: =SUM(IF(ISNUMBER( SEARCH("g",B12)), LEFT(B12, LEN(B12)-1)*1, "")*3)&"g" -> 57g | E12: =SUM(IF(ISNUMBER( SEARCH("g",B12)), LEFT(B12, LEN(B12)-1)*1, "")*4)&"g" -> 76g
A13: Land O' Frost Honey Ham Slices
A14: Serving Size | B14: 1 slice | C14: 2 slices | D14: 3 slices
A15: Calories | B15: 13 | C15: =(B15*2) -> 26 | D15: =(B15*3) -> 39
A16: Fat | B16: 0.5g | C16: =SUM(IF(ISNUMBER( SEARCH("g",B16)), LEFT(B16, LEN(B16)-1)*1, "")*2)&"g" -> 1g | D16: =SUM(IF(ISNUMBER( SEARCH("g",B16)), LEFT(B16, LEN(B16)-1)*1, "")*3)&"g" -> 1.5g
A17: Saturated Fat | B17: 0g | C17: =SUM(IF(ISNUMBER( SEARCH("g",B17)), LEFT(B17, LEN(B17)-1)*1, "")*2)&"g" -> 0g | D17: =SUM(IF(ISNUMBER( SEARCH("g",B17)), LEFT(B17, LEN(B17)-1)*1, "")*3)&"g" -> 0g
A18: Cholesterol | B18: 6mg | C18: =SUM(IF(ISNUMBER( SEARCH("mg",B18)), LEFT(B18, LEN(B18)-2)*1, "")*2)&"mg" -> 12mg | D18: =SUM(IF(ISNUMBER( SEARCH("mg",B18)), LEFT(B18, LEN(B18)-2)*1, "")*3)&"mg" -> 18mg
A19: Sodium | B19: 70mg | C19: =SUM(IF(ISNUMBER( SEARCH("mg",B19)), LEFT(B19, LEN(B19)-2)*1, "")*2)&"mg" -> 140mg | D19: =SUM(IF(ISNUMBER( SEARCH("mg",B19)), LEFT(B19, LEN(B19)-2)*1, "")*3)&"mg" -> 210mg
A20: Carbohydrates | B20: 0.g | C20: =SUM(IF(ISNUMBER( SEARCH("g",B20)), LEFT(B20, LEN(B20)-1)*1, "")*2)&"g" -> 0g | D20: =SUM(IF(ISNUMBER( SEARCH("g",B20)), LEFT(B20, LEN(B20)-1)*1, "")*3)&"g" -> 0g
A21: Fiber | B21: 0g | C21: =SUM(IF(ISNUMBER( SEARCH("g",B21)), LEFT(B21, LEN(B21)-1)*1, "")*2)&"g" -> 0g | D21: =SUM(IF(ISNUMBER( SEARCH("g",B21)), LEFT(B21, LEN(B21)-1)*1, "")*3)&"g" -> 0g
A22: Sugar | B22: 0.5g | C22: =SUM(IF(ISNUMBER( SEARCH("g",B22)), LEFT(B22, LEN(B22)-1)*1, "")*2)&"g" -> 1g | D22: =SUM(IF(ISNUMBER( SEARCH("g",B22)), LEFT(B22, LEN(B22)-1)*1, "")*3)&"g" -> 1.5g
A23: Added Sugar | B23: 0g | C23: =SUM(IF(ISNUMBER( SEARCH("g",B23)), LEFT(B23, LEN(B23)-1)*1, "")*2)&"g" -> 0g | D23: =SUM(IF(ISNUMBER( SEARCH("g",B23)), LEFT(B23, LEN(B23)-1)*1, "")*3)&"g" -> 0g
A24: Protein | B24: 2g | C24: =SUM(IF(ISNUMBER( SEARCH("g",B24)), LEFT(B24, LEN(B24)-1)*1, "")*2)&"g" -> 4g | D24: =SUM(IF(ISNUMBER( SEARCH("g",B24)), LEFT(B24, LEN(B24)-1)*1, "")*3)&"g" -> 6g
A25: Land O' Frost Trukey Breast
A26: Serving Size | B26: 1 Slice | C26: 2 Slices | D26: 3 slices
A27: Calories | B27: 14 | C27: =(B27*2) -> 28 | D27: =(B27*3) -> 42
A28: Fat | B28: 1g | C28: =SUM(IF(ISNUMBER( SEARCH("g",B28)), LEFT(B28, LEN(B28)-1)*1, "")*2)&"g" -> 2g | D28: =SUM(IF(ISNUMBER( SEARCH("g",B28)), LEFT(B28, LEN(B28)-1)*1, "")*3)&"g" -> 3g
A29: Saturated Fat | B29: 0g | C29: =SUM(IF(ISNUMBER( SEARCH("g",B29)), LEFT(B29, LEN(B29)-1)*1, "")*2)&"g" -> 0g | D29: =SUM(IF(ISNUMBER( SEARCH("g",B29)), LEFT(B29, LEN(B29)-1)*1, "")*3)&"g" -> 0g
A30: Cholesterol | B30: 6mg | C30: =SUM(IF(ISNUMBER( SEARCH("mg",B30)), LEFT(B30, LEN(B30)-2)*1, "")*2)&"mg" -> 12mg | D30: =SUM(IF(ISNUMBER( SEARCH("mg",B30)), LEFT(B30, LEN(B30)-2)*1, "")*3)&"mg" -> 18mg
A31: Sodium | B31: 130mg | C31: =SUM(IF(ISNUMBER( SEARCH("mg",B31)), LEFT(B31, LEN(B31)-2)*1, "")*2)&"mg" -> 260mg | D31: =SUM(IF(ISNUMBER( SEARCH("mg",B31)), LEFT(B31, LEN(B31)-2)*1, "")*3)&"mg" -> 390mg
A32: Carbohydrates | B32: 1g | C32: =SUM(IF(ISNUMBER( SEARCH("g",B32)), LEFT(B32, LEN(B32)-1)*1, "")*2)&"g" -> 2g | D32: =SUM(IF(ISNUMBER( SEARCH("g",B32)), LEFT(B32, LEN(B32)-1)*1, "")*3)&"g" -> 3g
A33: =SUM(IF(ISNUMBER( SEARCH("g",#REF!)), LEFT(#REF!, LEN(#REF!)-1)*1, "")*3)&"g" -> #VALUE! | B33: 0g | C33: =SUM(IF(ISNUMBER( SEARCH("g",B33)), LEFT(B33, LEN(B33)-1)*1, "")*2)&"g" -> 0g | D33: =SUM(IF(ISNUMBER( SEARCH("g",B33)), LEFT(B33, LEN(B33)-1)*1, "")*3)&"g" -> 0g
A34: Sugar | B34: 1g | C34: =SUM(IF(ISNUMBER( SEARCH("g",B34)), LEFT(B34, LEN(B34)-1)*1, "")*2)&"g" -> 2g | D34: =SUM(IF(ISNUMBER( SEARCH("g",B34)), LEFT(B34, LEN(B34)-1)*1, "")*3)&"g" -> 3g
A35: Added Sugar | B35: 0g | C35: =SUM(IF(ISNUMBER( SEARCH("g",B35)), LEFT(B35, LEN(B35)-1)*1, "")*2)&"g" -> 0g | D35: =SUM(IF(ISNUMBER( SEARCH("g",B35)), LEFT(B35, LEN(B35)-1)*1, "")*3)&"g" -> 0g
A36: Protein | B36: 2g | C36: =SUM(IF(ISNUMBER( SEARCH("g",B36)), LEFT(B36, LEN(B36)-1)*1, "")*2)&"g" -> 4g | D36: =SUM(IF(ISNUMBER( SEARCH("g",B36)), LEFT(B36, LEN(B36)-1)*1, "")*3)&"g" -> 6g

Sheet Breakfast
A1: Cold Cereal
A2: General Mills Honey Nut Cheerios | H2: With Whole Milk
A3: Serving Size | B3: 1/2 cup | C3: 3/4 cup | D3: 1 cup | E3: 2 Cups(1 Serving) | F3: 4 Cups (2 servings) | H3: 2 Cup Cheerios + 1 Cup Whole Milk | I3: 4 Cup Cereal + 2 Cup Whole Milk
A4: Calories | B4: =(E4/4) -> 73.5 | C4: =(E4*0.375) -> 110.25 | D4: =(E4*0.5) -> 147 | E4: 294 | F4: =(E4*2) -> 588 | H4: =E4+Dairy!D75 -> 454 | I4: =(F4+Dairy!F75) -> 908
A5: Fat | B5: =SUM(IF(ISNUMBER( SEARCH("g",E5)), LEFT(E5, LEN(E5)-1)*1, "")*0.25)&"g" -> 1g | C5: =SUM(IF(ISNUMBER( SEARCH("g",E5)), LEFT(E5, LEN(E5)-1)*1, "")*0.375)&"g" -> 1.5g | D5: =SUM(IF(ISNUMBER( SEARCH("g",E5)), LEFT(E5, LEN(E5)-1)*1, "")*0.5)&"g" -> 2g | E5: 4g | F5: =SUM(IF(ISNUMBER( SEARCH("g",E5)), LEFT(E5, LEN(E5)-1)*1, "")*2)&"g" -> 8g | H5: =SUM(IF(ISNUMBER( SEARCH("g",E5)), LEFT(E5, LEN(E5)-1)*1, "")+(SUM(IF(ISNUMBER( SEARCH("g",Dairy!D76)), LEFT(Dairy!D76, LEN(Dairy!D76)-1)*1, ""))))&"g" -> 12g | I5: =SUM(IF(ISNUMBER( SEARCH("g",F5)), LEFT(F5, LEN(F5)-1)*1, "")+(SUM(IF(ISNUMBER( SEARCH("g",Dairy!F76)), LEFT(Dairy!F76, LEN(Dairy!F76)-1)*1, ""))))&"g" -> 24g
A6: Saturated Fat | B6: =SUM(IF(ISNUMBER( SEARCH("g",E6)), LEFT(E6, LEN(E6)-1)*1, "")*0.25)&"g" -> 0g | C6: =SUM(IF(ISNUMBER( SEARCH("g",E6)), LEFT(E6, LEN(E6)-1)*1, "")*0.375)&"g" -> 0g | D6: =SUM(IF(ISNUMBER( SEARCH("g",E6)), LEFT(E6, LEN(E6)-1)*1, "")*0.5)&"g" -> 0g | E6: 0g | F6: =SUM(IF(ISNUMBER( SEARCH("g",E6)), LEFT(E6, LEN(E6)-1)*1, "")*2)&"g" -> 0g | H6: =SUM(IF(ISNUMBER( SEARCH("g",E6)), LEFT(E6, LEN(E6)-1)*1, "")+(SUM(IF(ISNUMBER( SEARCH("g",Dairy!D77)), LEFT(Dairy!D77, LEN(Dairy!D77)-1)*1, ""))))&"g" -> 5g | I6: =SUM(IF(ISNUMBER( SEARCH("g",F6)), LEFT(F6, LEN(F6)-1)*1, "")+(SUM(IF(ISNUMBER( SEARCH("g",Dairy!F77)), LEFT(Dairy!F77, LEN(Dairy!F77)-1)*1, ""))))&"g" -> 10g
A7: Cholesterol | B7: =SUM(IF(ISNUMBER( SEARCH("mg",E7)), LEFT(E7, LEN(E7)-2)*1, "")*0.25)&"mg" -> 0mg | C7: =SUM(IF(ISNUMBER( SEARCH("mg",E7)), LEFT(E7, LEN(E7)-2)*1, "")*0.375)&"mg" -> 0mg | D7: =SUM(IF(ISNUMBER( SEARCH("mg",E7)), LEFT(E7, LEN(E7)-2)*1, "")*0.5)&"mg" -> 0mg | E7: 0mg | F7: =SUM(IF(ISNUMBER( SEARCH("mg",E7)), LEFT(E7, LEN(E7)-2)*1, "")*2)&"mg" -> 0mg | H7: =SUM(IF(ISNUMBER( SEARCH("mg",E7)), LEFT(E7, LEN(E7)-2)*1, "")+(SUM(IF(ISNUMBER( SEARCH("mg",Dairy!D78)), LEFT(Dairy!D78, LEN(Dairy!D78)-2)*1, ""))))&"mg" -> 35mg | I7: =SUM(IF(ISNUMBER( SEARCH("mg",F7)), LEFT(F7, LEN(F7)-2)*1, "")+(SUM(IF(ISNUMBER( SEARCH("mg",Dairy!F78)), LEFT(Dairy!F78, LEN(Dairy!F78)-2)*1, ""))))&"mg" -> 70mg
A8: Sodium | B8: =SUM(IF(ISNUMBER( SEARCH("mg",E8)), LEFT(E8, LEN(E8)-2)*1, "")*0.25)&"mg" -> 120mg | C8: =SUM(IF(ISNUMBER( SEARCH("mg",E8)), LEFT(E8, LEN(E8)-2)*1, "")*0.375)&"mg" -> 180mg | D8: =SUM(IF(ISNUMBER( SEARCH("mg",E8)), LEFT(E8, LEN(E8)-2)*1, "")*0.5)&"mg" -> 240mg | E8: 480mg | F8: =SUM(IF(ISNUMBER( SEARCH("mg",E8)), LEFT(E8, LEN(E8)-2)*1, "")*2)&"mg" -> 960mg | H8: =SUM(IF(ISNUMBER( SEARCH("mg",E8)), LEFT(E8, LEN(E8)-2)*1, "")+(SUM(IF(ISNUMBER( SEARCH("mg",Dairy!D79)), LEFT(Dairy!D79, LEN(Dairy!D79)-2)*1, ""))))&"mg" -> 610mg | I8: =SUM(IF(ISNUMBER( SEARCH("mg",F8)), LEFT(F8, LEN(F8)-2)*1, "")+(SUM(IF(ISNUMBER( SEARCH("mg",Dairy!F79)), LEFT(Dairy!F79, LEN(Dairy!F79)-2)*1, ""))))&"mg" -> 1220mg
A9: Carbohydrates | B9: =SUM(IF(ISNUMBER( SEARCH("g",E9)), LEFT(E9, LEN(E9)-1)*1, "")*0.25)&"g" -> 15g | C9: =SUM(IF(ISNUMBER( SEARCH("g",E9)), LEFT(E9, LEN(E9)-1)*1, "")*0.375)&"g" -> 22.5g | D9: =SUM(IF(ISNUMBER( SEARCH("g",E9)), LEFT(E9, LEN(E9)-1)*1, "")*0.5)&"g" -> 30g | E9: 60g | F9: =SUM(IF(ISNUMBER( SEARCH("g",E9)), LEFT(E9, LEN(E9)-1)*1, "")*2)&"g" -> 120g | H9: =SUM(IF(ISNUMBER( SEARCH("g",E9)), LEFT(E9, LEN(E9)-1)*1, "")+(SUM(IF(ISNUMBER( SEARCH("g",Dairy!D80)), LEFT(Dairy!D80, LEN(Dairy!D80)-1)*1, ""))))&"g" -> 73g | I9: =SUM(IF(ISNUMBER( SEARCH("g",F9)), LEFT(F9, LEN(F9)-1)*1, "")+(SUM(IF(ISNUMBER( SEARCH("g",Dairy!F80)), LEFT(Dairy!F80, LEN(Dairy!F80)-1)*1, ""))))&"g" -> 146g
A10: Fiber | B10: =SUM(IF(ISNUMBER( SEARCH("g",E10)), LEFT(E10, LEN(E10)-1)*1, "")*0.25)&"g" -> 2g | C10: =SUM(IF(ISNUMBER( SEARCH("g",E10)), LEFT(E10, LEN(E10)-1)*1, "")*0.375)&"g" -> 3g | D10: =SUM(IF(ISNUMBER( SEARCH("g",E10)), LEFT(E10, LEN(E10)-1)*1, "")*0.5)&"g" -> 4g | E10: 8g | F10: =SUM(IF(ISNUMBER( SEARCH("g",E10)), LEFT(E10, LEN(E10)-1)*1, "")*2)&"g" -> 16g | H10: =SUM(IF(ISNUMBER( SEARCH("g",E10)), LEFT(E10, LEN(E10)-1)*1, "")+(SUM(IF(ISNUMBER( SEARCH("g",Dairy!D81)), LEFT(Dairy!D81, LEN(Dairy!D81)-1)*1, ""))))&"g" -> 8g | I10: =SUM(IF(ISNUMBER( SEARCH("g",F10)), LEFT(F10, LEN(F10)-1)*1, "")+(SUM(IF(ISNUMBER( SEARCH("g",Dairy!F81)), LEFT(Dairy!F81, LEN(Dairy!F81)-1)*1, ""))))&"g" -> 16g
A11: Sugar | B11: =SUM(IF(ISNUMBER( SEARCH("g",E11)), LEFT(E11, LEN(E11)-1)*1, "")*0.25)&"g" -> 6g | C11: =SUM(IF(ISNUMBER( SEARCH("g",E11)), LEFT(E11, LEN(E11)-1)*1, "")*0.375)&"g" -> 9g | D11: =SUM(IF(ISNUMBER( SEARCH("g",E11)), LEFT(E11, LEN(E11)-1)*1, "")*0.5)&"g" -> 12g | E11: 24g | F11: =SUM(IF(ISNUMBER( SEARCH("g",E11)), LEFT(E11, LEN(E11)-1)*1, "")*2)&"g" -> 48g | H11: =SUM(IF(ISNUMBER( SEARCH("g",E11)), LEFT(E11, LEN(E11)-1)*1, "")+(SUM(IF(ISNUMBER( SEARCH("g",Dairy!D82)), LEFT(Dairy!D82, LEN(Dairy!D82)-1)*1, ""))))&"g" -> 36g | I11: =SUM(IF(ISNUMBER( SEARCH("g",F11)), LEFT(F11, LEN(F11)-1)*1, "")+(SUM(IF(ISNUMBER( SEARCH("g",Dairy!F82)), LEFT(Dairy!F82, LEN(Dairy!F82)-1)*1, ""))))&"g" -> 72g
A12: Added Sugar | B12: =SUM(IF(ISNUMBER( SEARCH("g",E12)), LEFT(E12, LEN(E12)-1)*1, "")*0.25)&"g" -> 0g | C12: =SUM(IF(ISNUMBER( SEARCH("g",E12)), LEFT(E12, LEN(E12)-1)*1, "")*0.375)&"g" -> 0g | D12: =SUM(IF(ISNUMBER( SEARCH("g",E12)), LEFT(E12, LEN(E12)-1)*1, "")*0.5)&"g" -> 0g | E12: 0g | F12: =SUM(IF(ISNUMBER( SEARCH("g",E12)), LEFT(E12, LEN(E12)-1)*1, "")*2)&"g" -> 0g | H12: =SUM(IF(ISNUMBER( SEARCH("g",E12)), LEFT(E12, LEN(E12)-1)*1, "")+(SUM(IF(ISNUMBER( SEARCH("g",Dairy!D83)), LEFT(Dairy!D83, LEN(Dairy!D83)-1)*1, ""))))&"g" -> 0g | I12: =SUM(IF(ISNUMBER( SEARCH("g",F12)), LEFT(F12, LEN(F12)-1)*1, "")+(SUM(IF(ISNUMBER( SEARCH("g",Dairy!F83)), LEFT(Dairy!F83, LEN(Dairy!F83)-1)*1, ""))))&"g" -> 0g
A13: Protein | B13: =SUM(IF(ISNUMBER( SEARCH("g",E13)), LEFT(E13, LEN(E13)-1)*1, "")*0.25)&"g" -> 2g | C13: =SUM(IF(ISNUMBER( SEARCH("g",E13)), LEFT(E13, LEN(E13)-1)*1, "")*0.375)&"g" -> 3g | D13: =SUM(IF(ISNUMBER( SEARCH("g",E13)), LEFT(E13, LEN(E13)-1)*1, "")*0.5)&"g" -> 4g | E13: 8g | F13: =SUM(IF(ISNUMBER( SEARCH("g",E13)), LEFT(E13, LEN(E13)-1)*1, "")*2)&"g" -> 16g | H13: =SUM(IF(ISNUMBER( SEARCH("g",E13)), LEFT(E13, LEN(E13)-1)*1, "")+(SUM(IF(ISNUMBER( SEARCH("g",Dairy!D84)), LEFT(Dairy!D84, LEN(Dairy!D84)-1)*1, ""))))&"g" -> 17g | I13: =SUM(IF(ISNUMBER( SEARCH("g",F13)), LEFT(F13, LEN(F13)-1)*1, "")+(SUM(IF(ISNUMBER( SEARCH("g",Dairy!F84)), LEFT(Dairy!F84, LEN(Dairy!F84)-1)*1, ""))))&"g" -> 34g
A14: General Mills Honey Nut Cheerios Apple Cinnamon
A15: Serving Size | B15: 1/2 Cup | C15: 3/4 Cup | D15: 1 cup | E15: 2 Cups(1 Serving) | F15: 4 Cups (2 servings) | H15: 2 Cup Cheerios + 1 Cup Whole Milk | I15: 4 Cup Cereal + 2 Cup Whole Milk
A16: Calories | B16: =(E16/4) -> 55.5 | C16: =(E16*0.375) -> 83.25 | D16: =(E16*0.5) -> 111 | E16: 222 | F16: =(E16*2) -> 444 | H16: =E16+Dairy!D75 -> 382 | I16: =(F16+Dairy!F75) -> 764
A17: Fat | B17: =SUM(IF(ISNUMBER( SEARCH("g",E17)), LEFT(E17, LEN(E17)-1)*1, "")*0.25)&"g" -> 1.5g | C17: =SUM(IF(ISNUMBER( SEARCH("g",E17)), LEFT(E17, LEN(E17)-1)*1, "")*0.375)&"g" -> 2.25g | D17: =SUM(IF(ISNUMBER( SEARCH("g",E17)), LEFT(E17, LEN(E17)-1)*1, "")*0.5)&"g" -> 3g | E17: 6g | F17: =SUM(IF(ISNUMBER( SEARCH("g",E17)), LEFT(E17, LEN(E17)-1)*1, "")*2)&"g" -> 12g | H17: =SUM(IF(ISNUMBER( SEARCH("g",E17)), LEFT(E17, LEN(E17)-1)*1, "")+(SUM(IF(ISNUMBER( SEARCH("g",Dairy!D76)), LEFT(Dairy!D76, LEN(Dairy!D76)-1)*1, ""))))&"g" -> 14g | I17: =SUM(IF(ISNUMBER( SEARCH("g",F17)), LEFT(F17, LEN(F17)-1)*1, "")+(SUM(IF(ISNUMBER( SEARCH("g",Dairy!F76)), LEFT(Dairy!F76, LEN(Dairy!F76)-1)*1, ""))))&"g" -> 28g
A18: Saturated Fat | B18: =SUM(IF(ISNUMBER( SEARCH("g",E18)), LEFT(E18, LEN(E18)-1)*1, "")*0.25)&"g" -> 0g | C18: =SUM(IF(ISNUMBER( SEARCH("g",E18)), LEFT(E18, LEN(E18)-1)*1, "")*0.375)&"g" -> 0g | D18: =SUM(IF(ISNUMBER( SEARCH("g",E18)), LEFT(E18, LEN(E18)-1)*1, "")*0.5)&"g" -> 0g | E18: 0g | F18: =SUM(IF(ISNUMBER( SEARCH("g",E18)), LEFT(E18, LEN(E18)-1)*1, "")*2)&"g" -> 0g | H18: =SUM(IF(ISNUMBER( SEARCH("g",E18)), LEFT(E18, LEN(E18)-1)*1, "")+(SUM(IF(ISNUMBER( SEARCH("g",Dairy!D77)), LEFT(Dairy!D77, LEN(Dairy!D77)-1)*1, ""))))&"g" -> 5g | I18: =SUM(IF(ISNUMBER( SEARCH("g",F18)), LEFT(F18, LEN(F18)-1)*1, "")+(SUM(IF(ISNUMBER( SEARCH("g",Dairy!F77)), LEFT(Dairy!F77, LEN(Dairy!F77)-1)*1, ""))))&"g" -> 10g
A19: Cholesterol | B19: =SUM(IF(ISNUMBER( SEARCH("mg",E19)), LEFT(E19, LEN(E19)-2)*1, "")*0.25)&"mg" -> 0mg | C19: =SUM(IF(ISNUMBER( SEARCH("mg",E19)), LEFT(E19, LEN(E19)-2)*1, "")*0.375)&"mg" -> 0mg | D19: =SUM(IF(ISNUMBER( SEARCH("mg",E19)), LEFT(E19, LEN(E19)-2)*1, "")*0.5)&"mg" -> 0mg | E19: 0mg | F19: =SUM(IF(ISNUMBER( SEARCH("mg",E19)), LEFT(E19, LEN(E19)-2)*1, "")*2)&"mg" -> 0mg | H19: =SUM(IF(ISNUMBER( SEARCH("mg",E19)), LEFT(E19, LEN(E19)-2)*1, "")+(SUM(IF(ISNUMBER( SEARCH("mg",Dairy!D78)), LEFT(Dairy!D78, LEN(Dairy!D78)-2)*1, ""))))&"mg" -> 35mg | I19: =SUM(IF(ISNUMBER( SEARCH("mg",F19)), LEFT(F19, LEN(F19)-2)*1, "")+(SUM(IF(ISNUMBER( SEARCH("mg",Dairy!F78)), LEFT(Dairy!F78, LEN(Dairy!F78)-2)*1, ""))))&"mg" -> 70mg
A20: Sodium | B20: =SUM(IF(ISNUMBER( SEARCH("mg",E20)), LEFT(E20, LEN(E20)-2)*1, "")*0.25)&"mg" -> 74mg | C20: =SUM(IF(ISNUMBER( SEARCH("mg",E20)), LEFT(E20, LEN(E20)-2)*1, "")*0.375)&"mg" -> 111mg | D20: =SUM(IF(ISNUMBER( SEARCH("mg",E20)), LEFT(E20, LEN(E20)-2)*1, "")*0.5)&"mg" -> 148mg | E20: 296mg | F20: =SUM(IF(ISNUMBER( SEARCH("mg",E20)), LEFT(E20, LEN(E20)-2)*1, "")*2)&"mg" -> 592mg | H20: =SUM(IF(ISNUMBER( SEARCH("mg",E20)), LEFT(E20, LEN(E20)-2)*1, "")+(SUM(IF(ISNUMBER( SEARCH("mg",Dairy!D79)), LEFT(Dairy!D79, LEN(Dairy!D79)-2)*1, ""))))&"mg" -> 426mg | I20: =SUM(IF(ISNUMBER( SEARCH("mg",F20)), LEFT(F20, LEN(F20)-2)*1, "")+(SUM(IF(ISNUMBER( SEARCH("mg",Dairy!F79)), LEFT(Dairy!F79, LEN(Dairy!F79)-2)*1, ""))))&"mg" -> 852mg
A21: Carbohydrates | B21: =SUM(IF(ISNUMBER( SEARCH("g",E21)), LEFT(E21, LEN(E21)-1)*1, "")*0.25)&"g" -> 22.5g | C21: =SUM(IF(ISNUMBER( SEARCH("g",E21)), LEFT(E21, LEN(E21)-1)*1, "")*0.375)&"g" -> 33.75g | D21: =SUM(IF(ISNUMBER( SEARCH("g",E21)), LEFT(E21, LEN(E21)-1)*1, "")*0.5)&"g" -> 45g | E21: 90g | F21: =SUM(IF(ISNUMBER( SEARCH("g",E21)), LEFT(E21, LEN(E21)-1)*1, "")*2)&"g" -> 180g | H21: =SUM(IF(ISNUMBER( SEARCH("g",E21)), LEFT(E21, LEN(E21)-1)*1, "")+(SUM(IF(ISNUMBER( SEARCH("g",Dairy!D80)), LEFT(Dairy!D80, LEN(Dairy!D80)-1)*1, ""))))&"g" -> 103g | I21: =SUM(IF(ISNUMBER( SEARCH("g",F21)), LEFT(F21, LEN(F21)-1)*1, "")+(SUM(IF(ISNUMBER( SEARCH("g",Dairy!F80)), LEFT(Dairy!F80, LEN(Dairy!F80)-1)*1, ""))))&"g" -> 206g
A22: Fiber | B22: =SUM(IF(ISNUMBER( SEARCH("g",E22)), LEFT(E22, LEN(E22)-1)*1, "")*0.25)&"g" -> 30g | C22: =SUM(IF(ISNUMBER( SEARCH("g",E22)), LEFT(E22, LEN(E22)-1)*1, "")*0.375)&"g" -> 45g | D22: =SUM(IF(ISNUMBER( SEARCH("g",E22)), LEFT(E22, LEN(E22)-1)*1, "")*0.5)&"g" -> 60g | E22: 120g | F22: =SUM(IF(ISNUMBER( SEARCH("g",E22)), LEFT(E22, LEN(E22)-1)*1, "")*2)&"g" -> 240g | H22: =SUM(IF(ISNUMBER( SEARCH("g",E22)), LEFT(E22, LEN(E22)-1)*1, "")+(SUM(IF(ISNUMBER( SEARCH("g",Dairy!D81)), LEFT(Dairy!D81, LEN(Dairy!D81)-1)*1, ""))))&"g" -> 120g | I22: =SUM(IF(ISNUMBER( SEARCH("g",F22)), LEFT(F22, LEN(F22)-1)*1, "")+(SUM(IF(ISNUMBER( SEARCH("g",Dairy!F81)), LEFT(Dairy!F81, LEN(Dairy!F81)-1)*1, ""))))&"g" -> 240g
A23: Sugar | B23: =SUM(IF(ISNUMBER( SEARCH("g",E23)), LEFT(E23, LEN(E23)-1)*1, "")*0.25)&"g" -> 9g | C23: =SUM(IF(ISNUMBER( SEARCH("g",E23)), LEFT(E23, LEN(E23)-1)*1, "")*0.375)&"g" -> 13.5g | D23: =SUM(IF(ISNUMBER( SEARCH("g",E23)), LEFT(E23, LEN(E23)-1)*1, "")*0.5)&"g" -> 18g | E23: 36g | F23: =SUM(IF(ISNUMBER( SEARCH("g",E23)), LEFT(E23, LEN(E23)-1)*1, "")*2)&"g" -> 72g | H23: =SUM(IF(ISNUMBER( SEARCH("g",E23)), LEFT(E23, LEN(E23)-1)*1, "")+(SUM(IF(ISNUMBER( SEARCH("g",Dairy!D82)), LEFT(Dairy!D82, LEN(Dairy!D82)-1)*1, ""))))&"g" -> 48g | I23: =SUM(IF(ISNUMBER( SEARCH("g",F23)), LEFT(F23, LEN(F23)-1)*1, "")+(SUM(IF(ISNUMBER( SEARCH("g",Dairy!F82)), LEFT(Dairy!F82, LEN(Dairy!F82)-1)*1, ""))))&"g" -> 96g
A24: Added Sugar | B24: =SUM(IF(ISNUMBER( SEARCH("g",E24)), LEFT(E24, LEN(E24)-1)*1, "")*0.25)&"g" -> 0g | C24: =SUM(IF(ISNUMBER( SEARCH("g",E24)), LEFT(E24, LEN(E24)-1)*1, "")*0.375)&"g" -> 0g | D24: =SUM(IF(ISNUMBER( SEARCH("g",E24)), LEFT(E24, LEN(E24)-1)*1, "")*0.5)&"g" -> 0g | E24: 0g | F24: =SUM(IF(ISNUMBER( SEARCH("g",E24)), LEFT(E24, LEN(E24)-1)*1, "")*2)&"g" -> 0g | H24: =SUM(IF(ISNUMBER( SEARCH("g",E24)), LEFT(E24, LEN(E24)-1)*1, "")+(SUM(IF(ISNUMBER( SEARCH("g",Dairy!D83)), LEFT(Dairy!D83, LEN(Dairy!D83)-1)*1, ""))))&"g" -> 0g | I24: =SUM(IF(ISNUMBER( SEARCH("g",F24)), LEFT(F24, LEN(F24)-1)*1, "")+(SUM(IF(ISNUMBER( SEARCH("g",Dairy!F83)), LEFT(Dairy!F83, LEN(Dairy!F83)-1)*1, ""))))&"g" -> 0g
A25: Protein | B25: =SUM(IF(ISNUMBER( SEARCH("g",E25)), LEFT(E25, LEN(E25)-1)*1, "")*0.25)&"g" -> 3g | C25: =SUM(IF(ISNUMBER( SEARCH("g",E25)), LEFT(E25, LEN(E25)-1)*1, "")*0.375)&"g" -> 4.5g | D25: =SUM(IF(ISNUMBER( SEARCH("g",E25)), LEFT(E25, LEN(E25)-1)*1, "")*0.5)&"g" -> 6g | E25: 12g | F25: =SUM(IF(ISNUMBER( SEARCH("g",E25)), LEFT(E25, LEN(E25)-1)*1, "")*2)&"g" -> 24g | H25: =SUM(IF(ISNUMBER( SEARCH("g",E25)), LEFT(E25, LEN(E25)-1)*1, "")+(SUM(IF(ISNUMBER( SEARCH("g",Dairy!D84)), LEFT(Dairy!D84, LEN(Dairy!D84)-1)*1, ""))))&"g" -> 21g | I25: =SUM(IF(ISNUMBER( SEARCH("g",F25)), LEFT(F25, LEN(F25)-1)*1, "")+(SUM(IF(ISNUMBER( SEARCH("g",Dairy!F84)), LEFT(Dairy!F84, LEN(Dairy!F84)-1)*1, ""))))&"g" -> 42g
A26: Post Honey Bunches of Oats, Strawberry
A27: Serving Size | B27: 1/2 Cup | C27: 3/4 Cup | D27: 1 cup | E27: 2 Cups(1 Serving) | F27: 4 Cups (2 servings) | H27: 2 Cups Cereal + 1 Cup Whole Milk | I27: 4 Cups Cereal + 2 Cups Whole Milk
A28: Calories | B28: =(E28/4) -> 80 | C28: =(E28*0.375) -> 120 | D28: =(E28*0.5) -> 160 | E28: 320 | F28: =(E28*2) -> 640 | H28: =E28+Dairy!D75 -> 480 | I28: =(F28+Dairy!F75) -> 960
A29: Fat | B29: =SUM(IF(ISNUMBER( SEARCH("g",E29)), LEFT(E29, LEN(E29)-1)*1, "")*0.25)&"g" -> 1g | C29: =SUM(IF(ISNUMBER( SEARCH("g",E29)), LEFT(E29, LEN(E29)-1)*1, "")*0.375)&"g" -> 1.5g | D29: =SUM(IF(ISNUMBER( SEARCH("g",E29)), LEFT(E29, LEN(E29)-1)*1, "")*0.5)&"g" -> 2g | E29: 4g | F29: =SUM(IF(ISNUMBER( SEARCH("g",E29)), LEFT(E29, LEN(E29)-1)*1, "")*2)&"g" -> 8g | H29: =SUM(IF(ISNUMBER( SEARCH("g",E29)), LEFT(E29, LEN(E29)-1)*1, "")+(SUM(IF(ISNUMBER( SEARCH("g",Dairy!D76)), LEFT(Dairy!D76, LEN(Dairy!D76)-1)*1, ""))))&"g" -> 12g | I29: =SUM(IF(ISNUMBER( SEARCH("g",F29)), LEFT(F29, LEN(F29)-1)*1, "")+(SUM(IF(ISNUMBER( SEARCH("g",Dairy!F76)), LEFT(Dairy!F76, LEN(Dairy!F76)-1)*1, ""))))&"g" -> 24g
A30: Saturated Fat | B30: =SUM(IF(ISNUMBER( SEARCH("g",E30)), LEFT(E30, LEN(E30)-1)*1, "")*0.25)&"g" -> 0g | C30: =SUM(IF(ISNUMBER( SEARCH("g",E30)), LEFT(E30, LEN(E30)-1)*1, "")*0.375)&"g" -> 0g | D30: =SUM(IF(ISNUMBER( SEARCH("g",E30)), LEFT(E30, LEN(E30)-1)*1, "")*0.5)&"g" -> 0g | E30: 0g | F30: =SUM(IF(ISNUMBER( SEARCH("g",E30)), LEFT(E30, LEN(E30)-1)*1, "")*2)&"g" -> 0g | H30: =SUM(IF(ISNUMBER( SEARCH("g",E30)), LEFT(E30, LEN(E30)-1)*1, "")+(SUM(IF(ISNUMBER( SEARCH("g",Dairy!D77)), LEFT(Dairy!D77, LEN(Dairy!D77)-1)*1, ""))))&"g" -> 5g | I30: =SUM(IF(ISNUMBER( SEARCH("g",F30)), LEFT(F30, LEN(F30)-1)*1, "")+(SUM(IF(ISNUMBER( SEARCH("g",Dairy!F77)), LEFT(Dairy!F77, LEN(Dairy!F77)-1)*1, ""))))&"g" -> 10g
A31: Cholesterol | B31: =SUM(IF(ISNUMBER( SEARCH("mg",E31)), LEFT(E31, LEN(E31)-2)*1, "")*0.25)&"mg" -> 0mg | C31: =SUM(IF(ISNUMBER( SEARCH("mg",E31)), LEFT(E31, LEN(E31)-2)*1, "")*0.375)&"mg" -> 0mg | D31: =SUM(IF(ISNUMBER( SEARCH("mg",E31)), LEFT(E31, LEN(E31)-2)*1, "")*0.5)&"mg" -> 0mg | E31: 0mg | F31: =SUM(IF(ISNUMBER( SEARCH("mg",E31)), LEFT(E31, LEN(E31)-2)*1, "")*2)&"mg" -> 0mg | H31: =SUM(IF(ISNUMBER( SEARCH("mg",E31)), LEFT(E31, LEN(E31)-2)*1, "")+(SUM(IF(ISNUMBER( SEARCH("mg",Dairy!D78)), LEFT(Dairy!D78, LEN(Dairy!D78)-2)*1, ""))))&"mg" -> 35mg | I31: =SUM(IF(ISNUMBER( SEARCH("mg",F31)), LEFT(F31, LEN(F31)-2)*1, "")+(SUM(IF(ISNUMBER( SEARCH("mg",Dairy!F78)), LEFT(Dairy!F78, LEN(Dairy!F78)-2)*1, ""))))&"mg" -> 70mg
A32: Sodium | B32: =SUM(IF(ISNUMBER( SEARCH("mg",E32)), LEFT(E32, LEN(E32)-2)*1, "")*0.25)&"mg" -> 85mg | C32: =SUM(IF(ISNUMBER( SEARCH("mg",E32)), LEFT(E32, LEN(E32)-2)*1, "")*0.375)&"mg" -> 127.5mg | D32: =SUM(IF(ISNUMBER( SEARCH("mg",E32)), LEFT(E32, LEN(E32)-2)*1, "")*0.5)&"mg" -> 170mg | E32: 340mg | F32: =SUM(IF(ISNUMBER( SEARCH("mg",E32)), LEFT(E32, LEN(E32)-2)*1, "")*2)&"mg" -> 680mg | H32: =SUM(IF(ISNUMBER( SEARCH("mg",E32)), LEFT(E32, LEN(E32)-2)*1, "")+(SUM(IF(ISNUMBER( SEARCH("mg",Dairy!D79)), LEFT(Dairy!D79, LEN(Dairy!D79)-2)*1, ""))))&"mg" -> 470mg | I32: =SUM(IF(ISNUMBER( SEARCH("mg",F32)), LEFT(F32, LEN(F32)-2)*1, "")+(SUM(IF(ISNUMBER( SEARCH("mg",Dairy!F79)), LEFT(Dairy!F79, LEN(Dairy!F79)-2)*1, ""))))&"mg" -> 940mg
A33: Carbohydrates | B33: =SUM(IF(ISNUMBER( SEARCH("g",E33)), LEFT(E33, LEN(E33)-1)*1, "")*0.25)&"g" -> 17g | C33: =SUM(IF(ISNUMBER( SEARCH("g",E33)), LEFT(E33, LEN(E33)-1)*1, "")*0.375)&"g" -> 25.5g | D33: =SUM(IF(ISNUMBER( SEARCH("g",E33)), LEFT(E33, LEN(E33)-1)*1, "")*0.5)&"g" -> 34g | E33: 68g | F33: =SUM(IF(ISNUMBER( SEARCH("g",E33)), LEFT(E33, LEN(E33)-1)*1, "")*2)&"g" -> 136g | H33: =SUM(IF(ISNUMBER( SEARCH("g",E33)), LEFT(E33, LEN(E33)-1)*1, "")+(SUM(IF(ISNUMBER( SEARCH("g",Dairy!D80)), LEFT(Dairy!D80, LEN(Dairy!D80)-1)*1, ""))))&"g" -> 81g | I33: =SUM(IF(ISNUMBER( SEARCH("g",F33)), LEFT(F33, LEN(F33)-1)*1, "")+(SUM(IF(ISNUMBER( SEARCH("g",Dairy!F80)), LEFT(Dairy!F80, LEN(Dairy!F80)-1)*1, ""))))&"g" -> 162g
A34: Fiber | B34: =SUM(IF(ISNUMBER( SEARCH("g",E34)), LEFT(E34, LEN(E34)-1)*1, "")*0.25)&"g" -> 1g | C34: =SUM(IF(ISNUMBER( SEARCH("g",E34)), LEFT(E34, LEN(E34)-1)*1, "")*0.375)&"g" -> 1.5g | D34: =SUM(IF(ISNUMBER( SEARCH("g",E34)), LEFT(E34, LEN(E34)-1)*1, "")*0.5)&"g" -> 2g | E34: 4g | F34: =SUM(IF(ISNUMBER( SEARCH("g",E34)), LEFT(E34, LEN(E34)-1)*1, "")*2)&"g" -> 8g | H34: =SUM(IF(ISNUMBER( SEARCH("g",E34)), LEFT(E34, LEN(E34)-1)*1, "")+(SUM(IF(ISNUMBER( SEARCH("g",Dairy!D81)), LEFT(Dairy!D81, LEN(Dairy!D81)-1)*1, ""))))&"g" -> 4g | I34: =SUM(IF(ISNUMBER( SEARCH("g",F34)), LEFT(F34, LEN(F34)-1)*1, "")+(SUM(IF(ISNUMBER( SEARCH("g",Dairy!F81)), LEFT(Dairy!F81, LEN(Dairy!F81)-1)*1, ""))))&"g" -> 8g
A35: Sugar | B35: =SUM(IF(ISNUMBER( SEARCH("g",E35)), LEFT(E35, LEN(E35)-1)*1, "")*0.25)&"g" -> 5.5g | C35: =SUM(IF(ISNUMBER( SEARCH("g",E35)), LEFT(E35, LEN(E35)-1)*1, "")*0.375)&"g" -> 8.25g | D35: =SUM(IF(ISNUMBER( SEARCH("g",E35)), LEFT(E35, LEN(E35)-1)*1, "")*0.5)&"g" -> 11g | E35: 22g | F35: =SUM(IF(ISNUMBER( SEARCH("g",E35)), LEFT(E35, LEN(E35)-1)*1, "")*2)&"g" -> 44g | H35: =SUM(IF(ISNUMBER( SEARCH("g",E35)), LEFT(E35, LEN(E35)-1)*1, "")+(SUM(IF(ISNUMBER( SEARCH("g",Dairy!D82)), LEFT(Dairy!D82, LEN(Dairy!D82)-1)*1, ""))))&"g" -> 34g | I35: =SUM(IF(ISNUMBER( SEARCH("g",F35)), LEFT(F35, LEN(F35)-1)*1, "")+(SUM(IF(ISNUMBER( SEARCH("g",Dairy!F82)), LEFT(Dairy!F82, LEN(Dairy!F82)-1)*1, ""))))&"g" -> 68g
A36: Added Sugar | B36: =SUM(IF(ISNUMBER( SEARCH("g",E36)), LEFT(E36, LEN(E36)-1)*1, "")*0.25)&"g" -> 4.5g | C36: =SUM(IF(ISNUMBER( SEARCH("g",E36)), LEFT(E36, LEN(E36)-1)*1, "")*0.375)&"g" -> 6.75g | D36: =SUM(IF(ISNUMBER( SEARCH("g",E36)), LEFT(E36, LEN(E36)-1)*1, "")*0.5)&"g" -> 9g | E36: 18g | F36: =SUM(IF(ISNUMBER( SEARCH("g",E36)), LEFT(E36, LEN(E36)-1)*1, "")*2)&"g" -> 36g | H36: =SUM(IF(ISNUMBER( SEARCH("g",E36)), LEFT(E36, LEN(E36)-1)*1, "")+(SUM(IF(ISNUMBER( SEARCH("g",Dairy!D83)), LEFT(Dairy!D83, LEN(Dairy!D83)-1)*1, ""))))&"g" -> 18g | I36: =SUM(IF(ISNUMBER( SEARCH("g",F36)), LEFT(F36, LEN(F36)-1)*1, "")+(SUM(IF(ISNUMBER( SEARCH("g",Dairy!F83)), LEFT(Dairy!F83, LEN(Dairy!F83)-1)*1, ""))))&"g" -> 36g
A37: Protein | B37: =SUM(IF(ISNUMBER( SEARCH("g",E37)), LEFT(E37, LEN(E37)-1)*1, "")*0.25)&"g" -> 1.5g | C37: =SUM(IF(ISNUMBER( SEARCH("g",E37)), LEFT(E37, LEN(E37)-1)*1, "")*0.375)&"g" -> 2.25g | D37: =SUM(IF(ISNUMBER( SEARCH("g",E37)), LEFT(E37, LEN(E37)-1)*1, "")*0.5)&"g" -> 3g | E37: 6g | F37: =SUM(IF(ISNUMBER( SEARCH("g",E37)), LEFT(E37, LEN(E37)-1)*1, "")*2)&"g" -> 12g | H37: =SUM(IF(ISNUMBER( SEARCH("g",E37)), LEFT(E37, LEN(E37)-1)*1, "")+(SUM(IF(ISNUMBER( SEARCH("g",Dairy!D84)), LEFT(Dairy!D84, LEN(Dairy!D84)-1)*1, ""))))&"g" -> 15g | I37: =SUM(IF(ISNUMBER( SEARCH("g",F37)), LEFT(F37, LEN(F37)-1)*1, "")+(SUM(IF(ISNUMBER( SEARCH("g",Dairy!F84)), LEFT(Dairy!F84, LEN(Dairy!F84)-1)*1, ""))))&"g" -> 30g
A38: Quaker Cap'n Crunch Peanut Butter Crunch
A39: Serving Size | B39: 1/2 Cup | C39: 3/4 Cup | D39: 1 cup | E39: 2 Cups(1 Serving) | F39: 4 Cups (2 servings) | H39: 2 Cups Cereal + 1 Cup Whole Milk | I39: 4 Cups Cereal + 2 Cups Whole Milk
A40: Calories | B40: =(E40/4) -> 85 | C40: =(E40*0.375) -> 127.5 | D40: =(E40*0.5) -> 170 | E40: 340 | F40: =(E40*2) -> 680 | H40: =E40+Dairy!D75 -> 500 | I40: =(F40+Dairy!F75) -> 1000
A41: Fat | B41: =SUM(IF(ISNUMBER( SEARCH("g",E41)), LEFT(E41, LEN(E41)-1)*1, "")*0.25)&"g" -> 1.75g | C41: =SUM(IF(ISNUMBER( SEARCH("g",E41)), LEFT(E41, LEN(E41)-1)*1, "")*0.375)&"g" -> 2.625g | D41: =SUM(IF(ISNUMBER( SEARCH("g",E41)), LEFT(E41, LEN(E41)-1)*1, "")*0.5)&"g" -> 3.5g | E41: 7g | F41: =SUM(IF(ISNUMBER( SEARCH("g",E41)), LEFT(E41, LEN(E41)-1)*1, "")*2)&"g" -> 14g | H41: =SUM(IF(ISNUMBER( SEARCH("g",E41)), LEFT(E41, LEN(E41)-1)*1, "")+(SUM(IF(ISNUMBER( SEARCH("g",Dairy!D76)), LEFT(Dairy!D76, LEN(Dairy!D76)-1)*1, ""))))&"g" -> 15g | I41: =SUM(IF(ISNUMBER( SEARCH("g",F41)), LEFT(F41, LEN(F41)-1)*1, "")+(SUM(IF(ISNUMBER( SEARCH("g",Dairy!F76)), LEFT(Dairy!F76, LEN(Dairy!F76)-1)*1, ""))))&"g" -> 30g
A42: Saturated Fat | B42: =SUM(IF(ISNUMBER( SEARCH("g",E42)), LEFT(E42, LEN(E42)-1)*1, "")*0.25)&"g" -> 0.5g | C42: =SUM(IF(ISNUMBER( SEARCH("g",E42)), LEFT(E42, LEN(E42)-1)*1, "")*0.375)&"g" -> 0.75g | D42: =SUM(IF(ISNUMBER( SEARCH("g",E42)), LEFT(E42, LEN(E42)-1)*1, "")*0.5)&"g" -> 1g | E42: 2g | F42: =SUM(IF(ISNUMBER( SEARCH("g",E42)), LEFT(E42, LEN(E42)-1)*1, "")*2)&"g" -> 4g | H42: =SUM(IF(ISNUMBER( SEARCH("g",E42)), LEFT(E42, LEN(E42)-1)*1, "")+(SUM(IF(ISNUMBER( SEARCH("g",Dairy!D77)), LEFT(Dairy!D77, LEN(Dairy!D77)-1)*1, ""))))&"g" -> 7g | I42: =SUM(IF(ISNUMBER( SEARCH("g",F42)), LEFT(F42, LEN(F42)-1)*1, "")+(SUM(IF(ISNUMBER( SEARCH("g",Dairy!F77)), LEFT(Dairy!F77, LEN(Dairy!F77)-1)*1, ""))))&"g" -> 14g
A43: Cholesterol | B43: =SUM(IF(ISNUMBER( SEARCH("mg",E43)), LEFT(E43, LEN(E43)-2)*1, "")*0.25)&"mg" -> 0mg | C43: =SUM(IF(ISNUMBER( SEARCH("mg",E43)), LEFT(E43, LEN(E43)-2)*1, "")*0.375)&"mg" -> 0mg | D43: =SUM(IF(ISNUMBER( SEARCH("mg",E43)), LEFT(E43, LEN(E43)-2)*1, "")*0.5)&"mg" -> 0mg | E43: 0mg | F43: =SUM(IF(ISNUMBER( SEARCH("mg",E43)), LEFT(E43, LEN(E43)-2)*1, "")*2)&"mg" -> 0mg | H43: =SUM(IF(ISNUMBER( SEARCH("mg",E43)), LEFT(E43, LEN(E43)-2)*1, "")+(SUM(IF(ISNUMBER( SEARCH("mg",Dairy!D78)), LEFT(Dairy!D78, LEN(Dairy!D78)-2)*1, ""))))&"mg" -> 35mg | I43: =SUM(IF(ISNUMBER( SEARCH("mg",F43)), LEFT(F43, LEN(F43)-2)*1, "")+(SUM(IF(ISNUMBER( SEARCH("mg",Dairy!F78)), LEFT(Dairy!F78, LEN(Dairy!F78)-2)*1, ""))))&"mg" -> 70mg
A44: Sodium | B44: =SUM(IF(ISNUMBER( SEARCH("mg",E44)), LEFT(E44, LEN(E44)-2)*1, "")*0.25)&"mg" -> 150mg | C44: =SUM(IF(ISNUMBER( SEARCH("mg",E44)), LEFT(E44, LEN(E44)-2)*1, "")*0.375)&"mg" -> 225mg | D44: =SUM(IF(ISNUMBER( SEARCH("mg",E44)), LEFT(E44, LEN(E44)-2)*1, "")*0.5)&"mg" -> 300mg | E44: 600mg | F44: =SUM(IF(ISNUMBER( SEARCH("mg",E44)), LEFT(E44, LEN(E44)-2)*1, "")*2)&"mg" -> 1200mg | H44: =SUM(IF(ISNUMBER( SEARCH("mg",E44)), LEFT(E44, LEN(E44)-2)*1, "")+(SUM(IF(ISNUMBER( SEARCH("mg",Dairy!D79)), LEFT(Dairy!D79, LEN(Dairy!D79)-2)*1, ""))))&"mg" -> 730mg | I44: =SUM(IF(ISNUMBER( SEARCH("mg",F44)), LEFT(F44, LEN(F44)-2)*1, "")+(SUM(IF(ISNUMBER( SEARCH("mg",Dairy!F79)), LEFT(Dairy!F79, LEN(Dairy!F79)-2)*1, ""))))&"mg" -> 1460mg
A45: Carbohydrates | B45: =SUM(IF(ISNUMBER( SEARCH("g",E45)), LEFT(E45, LEN(E45)-1)*1, "")*0.25)&"g" -> 16g | C45: =SUM(IF(ISNUMBER( SEARCH("g",E45)), LEFT(E45, LEN(E45)-1)*1, "")*0.375)&"g" -> 24g | D45: =SUM(IF(ISNUMBER( SEARCH("g",E45)), LEFT(E45, LEN(E45)-1)*1, "")*0.5)&"g" -> 32g | E45: 64g | F45: =SUM(IF(ISNUMBER( SEARCH("g",E45)), LEFT(E45, LEN(E45)-1)*1, "")*2)&"g" -> 128g | H45: =SUM(IF(ISNUMBER( SEARCH("g",E45)), LEFT(E45, LEN(E45)-1)*1, "")+(SUM(IF(ISNUMBER( SEARCH("g",Dairy!D80)), LEFT(Dairy!D80, LEN(Dairy!D80)-1)*1, ""))))&"g" -> 77g | I45: =SUM(IF(ISNUMBER( SEARCH("g",F45)), LEFT(F45, LEN(F45)-1)*1, "")+(SUM(IF(ISNUMBER( SEARCH("g",Dairy!F80)), LEFT(Dairy!F80, LEN(Dairy!F80)-1)*1, ""))))&"g" -> 154g
A46: Fiber | B46: =SUM(IF(ISNUMBER( SEARCH("g",E46)), LEFT(E46, LEN(E46)-1)*1, "")*0.25)&"g" -> 0.5g | C46: =SUM(IF(ISNUMBER( SEARCH("g",E46)), LEFT(E46, LEN(E46)-1)*1, "")*0.375)&"g" -> 0.75g | D46: =SUM(IF(ISNUMBER( SEARCH("g",E46)), LEFT(E46, LEN(E46)-1)*1, "")*0.5)&"g" -> 1g | E46: 2g | F46: =SUM(IF(ISNUMBER( SEARCH("g",E46)), LEFT(E46, LEN(E46)-1)*1, "")*2)&"g" -> 4g | H46: =SUM(IF(ISNUMBER( SEARCH("g",E46)), LEFT(E46, LEN(E46)-1)*1, "")+(SUM(IF(ISNUMBER( SEARCH("g",Dairy!D81)), LEFT(Dairy!D81, LEN(Dairy!D81)-1)*1, ""))))&"g" -> 2g | I46: =SUM(IF(ISNUMBER( SEARCH("g",F46)), LEFT(F46, LEN(F46)-1)*1, "")+(SUM(IF(ISNUMBER( SEARCH("g",Dairy!F81)), LEFT(Dairy!F81, LEN(Dairy!F81)-1)*1, ""))))&"g" -> 4g
A47: Sugar | B47: =SUM(IF(ISNUMBER( SEARCH("g",E47)), LEFT(E47, LEN(E47)-1)*1, "")*0.25)&"g" -> 6.5g | C47: =SUM(IF(ISNUMBER( SEARCH("g",E47)), LEFT(E47, LEN(E47)-1)*1, "")*0.375)&"g" -> 9.75g | D47: =SUM(IF(ISNUMBER( SEARCH("g",E47)), LEFT(E47, LEN(E47)-1)*1, "")*0.5)&"g" -> 13g | E47: 26g | F47: =SUM(IF(ISNUMBER( SEARCH("g",E47)), LEFT(E47, LEN(E47)-1)*1, "")*2)&"g" -> 52g | H47: =SUM(IF(ISNUMBER( SEARCH("g",E47)), LEFT(E47, LEN(E47)-1)*1, "")+(SUM(IF(ISNUMBER( SEARCH("g",Dairy!D82)), LEFT(Dairy!D82, LEN(Dairy!D82)-1)*1, ""))))&"g" -> 38g | I47: =SUM(IF(ISNUMBER( SEARCH("g",F47)), LEFT(F47, LEN(F47)-1)*1, "")+(SUM(IF(ISNUMBER( SEARCH("g",Dairy!F82)), LEFT(Dairy!F82, LEN(Dairy!F82)-1)*1, ""))))&"g" -> 76g
A48: Added Sugar | B48: =SUM(IF(ISNUMBER( SEARCH("g",E48)), LEFT(E48, LEN(E48)-1)*1, "")*0.25)&"g" -> 6.5g | C48: =SUM(IF(ISNUMBER( SEARCH("g",E48)), LEFT(E48, LEN(E48)-1)*1, "")*0.375)&"g" -> 9.75g | D48: =SUM(IF(ISNUMBER( SEARCH("g",E48)), LEFT(E48, LEN(E48)-1)*1, "")*0.5)&"g" -> 13g | E48: 26g | F48: =SUM(IF(ISNUMBER( SEARCH("g",E48)), LEFT(E48, LEN(E48)-1)*1, "")*2)&"g" -> 52g | H48: =SUM(IF(ISNUMBER( SEARCH("g",E48)), LEFT(E48, LEN(E48)-1)*1, "")+(SUM(IF(ISNUMBER( SEARCH("g",Dairy!D83)), LEFT(Dairy!D83, LEN(Dairy!D83)-1)*1, ""))))&"g" -> 26g | I48: =SUM(IF(ISNUMBER( SEARCH("g",F48)), LEFT(F48, LEN(F48)-1)*1, "")+(SUM(IF(ISNUMBER( SEARCH("g",Dairy!F83)), LEFT(Dairy!F83, LEN(Dairy!F83)-1)*1, ""))))&"g" -> 52g
A49: Protein | B49: =SUM(IF(ISNUMBER( SEARCH("g",E49)), LEFT(E49, LEN(E49)-1)*1, "")*0.25)&"g" -> 1.5g | C49: =SUM(IF(ISNUMBER( SEARCH("g",E49)), LEFT(E49, LEN(E49)-1)*1, "")*0.375)&"g" -> 2.25g | D49: =SUM(IF(ISNUMBER( SEARCH("g",E49)), LEFT(E49, LEN(E49)-1)*1, "")*0.5)&"g" -> 3g | E49: 6g | F49: =SUM(IF(ISNUMBER( SEARCH("g",E49)), LEFT(E49, LEN(E49)-1)*1, "")*2)&"g" -> 12g | H49: =SUM(IF(ISNUMBER( SEARCH("g",E49)), LEFT(E49, LEN(E49)-1)*1, "")+(SUM(IF(ISNUMBER( SEARCH("g",Dairy!D84)), LEFT(Dairy!D84, LEN(Dairy!D84)-1)*1, ""))))&"g" -> 15g | I49: =SUM(IF(ISNUMBER( SEARCH("g",F49)), LEFT(F49, LEN(F49)-1)*1, "")+(SUM(IF(ISNUMBER( SEARCH("g",Dairy!F84)), LEFT(Dairy!F84, LEN(Dairy!F84)-1)*1, ""))))&"g" -> 30g
A50: Quaker Cap'n Crunch OOPs All Berries
A51: Serving Size | B51: 1/2 Cup | C51: 3/4 Cup | D51: 1 cup (1 Serving) | E51: 2 Cups (2 Servings) | H51: 2 Cups Cereal + 1 Cup Whole Milk | I51: 4 Cups Cereal + 2 Cups Whole Milk
A52: Calories | B52: =(D52*0.5) -> 42.5 | C52: =(D52*0.75) -> 63.75 | D52: 85 | E52: =(D52*2) -> 170 | H52: =D52+Dairy!D75 -> 245 | I52: =(E52+Dairy!F75) -> 490
A53: Fat | B53: =SUM(IF(ISNUMBER( SEARCH("g",D53)), LEFT(D53, LEN(D53)-1)*1, "")*0.5)&"g" -> 0.25g | C53: =SUM(IF(ISNUMBER( SEARCH("g",D53)), LEFT(D53, LEN(D53)-1)*1, "")*0.75)&"g" -> 0.375g | D53: 0.5g | E53: =SUM(IF(ISNUMBER( SEARCH("g",D53)), LEFT(D53, LEN(D53)-1)*1, "")*2)&"g" -> 1g | H53: =SUM(IF(ISNUMBER( SEARCH("g",D53)), LEFT(D53, LEN(D53)-1)*1, "")+(SUM(IF(ISNUMBER( SEARCH("g",Dairy!D76)), LEFT(Dairy!D76, LEN(Dairy!D76)-1)*1, ""))))&"g" -> 8.5g | I53: =SUM(IF(ISNUMBER( SEARCH("g",E53)), LEFT(E53, LEN(E53)-1)*1, "")+(SUM(IF(ISNUMBER( SEARCH("g",Dairy!F76)), LEFT(Dairy!F76, LEN(Dairy!F76)-1)*1, ""))))&"g" -> 17g
A54: Saturated Fat | B54: =SUM(IF(ISNUMBER( SEARCH("g",D54)), LEFT(D54, LEN(D54)-1)*1, "")*0.5)&"g" -> 0g | C54: =SUM(IF(ISNUMBER( SEARCH("g",D54)), LEFT(D54, LEN(D54)-1)*1, "")*0.75)&"g" -> 0g | D54: 0g | E54: =SUM(IF(ISNUMBER( SEARCH("g",D54)), LEFT(D54, LEN(D54)-1)*1, "")*2)&"g" -> 0g | H54: =SUM(IF(ISNUMBER( SEARCH("g",E54)), LEFT(E54, LEN(E54)-1)*1, "")+(SUM(IF(ISNUMBER( SEARCH("g",Dairy!D77)), LEFT(Dairy!D77, LEN(Dairy!D77)-1)*1, ""))))&"g" -> 5g | I54: =SUM(IF(ISNUMBER( SEARCH("g",E54)), LEFT(E54, LEN(E54)-1)*1, "")+(SUM(IF(ISNUMBER( SEARCH("g",Dairy!F77)), LEFT(Dairy!F77, LEN(Dairy!F77)-1)*1, ""))))&"g" -> 10g
A55: Cholesterol | B55: =SUM(IF(ISNUMBER( SEARCH("mg",D55)), LEFT(D55, LEN(D55)-2)*1, "")*0.5)&"mg" -> 0mg | C55: =SUM(IF(ISNUMBER( SEARCH("mg",D55)), LEFT(D55, LEN(D55)-2)*1, "")*0.75)&"mg" -> 0mg | D55: 0mg | E55: =SUM(IF(ISNUMBER( SEARCH("mg",D55)), LEFT(D55, LEN(D55)-2)*1, "")*2)&"mg" -> 0mg | H55: =SUM(IF(ISNUMBER( SEARCH("mg",D55)), LEFT(D55, LEN(D55)-2)*1, "")+(SUM(IF(ISNUMBER( SEARCH("mg",Dairy!D78)), LEFT(Dairy!D78, LEN(Dairy!D78)-2)*1, ""))))&"mg" -> 35mg | I55: =SUM(IF(ISNUMBER( SEARCH("mg",E55)), LEFT(E55, LEN(E55)-2)*1, "")+(SUM(IF(ISNUMBER( SEARCH("mg",Dairy!F78)), LEFT(Dairy!F78, LEN(Dairy!F78)-2)*1, ""))))&"mg" -> 70mg
A56: Sodium | B56: =SUM(IF(ISNUMBER( SEARCH("mg",D56)), LEFT(D56, LEN(D56)-2)*1, "")*0.5)&"mg" -> 0.5mg | C56: =SUM(IF(ISNUMBER( SEARCH("mg",D56)), LEFT(D56, LEN(D56)-2)*1, "")*0.75)&"mg" -> 0.75mg | D56: 1mg | E56: =SUM(IF(ISNUMBER( SEARCH("mg",D56)), LEFT(D56, LEN(D56)-2)*1, "")*2)&"mg" -> 2mg | H56: =SUM(IF(ISNUMBER( SEARCH("mg",D56)), LEFT(D56, LEN(D56)-2)*1, "")+(SUM(IF(ISNUMBER( SEARCH("mg",Dairy!D79)), LEFT(Dairy!D79, LEN(Dairy!D79)-2)*1, ""))))&"mg" -> 131mg | I56: =SUM(IF(ISNUMBER( SEARCH("mg",E56)), LEFT(E56, LEN(E56)-2)*1, "")+(SUM(IF(ISNUMBER( SEARCH("mg",Dairy!F79)), LEFT(Dairy!F79, LEN(Dairy!F79)-2)*1, ""))))&"mg" -> 262mg
A57: Carbohydrates | B57: =SUM(IF(ISNUMBER( SEARCH("g",D57)), LEFT(D57, LEN(D57)-1)*1, "")*0.5)&"g" -> 10.5g | C57: =SUM(IF(ISNUMBER( SEARCH("g",D57)), LEFT(D57, LEN(D57)-1)*1, "")*0.75)&"g" -> 15.75g | D57: 21g | E57: =SUM(IF(ISNUMBER( SEARCH("g",D57)), LEFT(D57, LEN(D57)-1)*1, "")*2)&"g" -> 42g | H57: =SUM(IF(ISNUMBER( SEARCH("g",E57)), LEFT(E57, LEN(E57)-1)*1, "")+(SUM(IF(ISNUMBER( SEARCH("g",Dairy!D80)), LEFT(Dairy!D80, LEN(Dairy!D80)-1)*1, ""))))&"g" -> 55g | I57: =SUM(IF(ISNUMBER( SEARCH("g",E57)), LEFT(E57, LEN(E57)-1)*1, "")+(SUM(IF(ISNUMBER( SEARCH("g",Dairy!F80)), LEFT(Dairy!F80, LEN(Dairy!F80)-1)*1, ""))))&"g" -> 68g
A58: Fiber | B58: =SUM(IF(ISNUMBER( SEARCH("g",D58)), LEFT(D58, LEN(D58)-1)*1, "")*0.5)&"g" -> 1.8g | C58: =SUM(IF(ISNUMBER( SEARCH("g",D58)), LEFT(D58, LEN(D58)-1)*1, "")*0.75)&"g" -> 2.7g | D58: 3.6g | E58: =SUM(IF(ISNUMBER( SEARCH("g",D58)), LEFT(D58, LEN(D58)-1)*1, "")*2)&"g" -> 7.2g | H58: =SUM(IF(ISNUMBER( SEARCH("g",E58)), LEFT(E58, LEN(E58)-1)*1, "")+(SUM(IF(ISNUMBER( SEARCH("g",Dairy!D81)), LEFT(Dairy!D81, LEN(Dairy!D81)-1)*1, ""))))&"g" -> 7.2g | I58: =SUM(IF(ISNUMBER( SEARCH("g",E58)), LEFT(E58, LEN(E58)-1)*1, "")+(SUM(IF(ISNUMBER( SEARCH("g",Dairy!F81)), LEFT(Dairy!F81, LEN(Dairy!F81)-1)*1, ""))))&"g" -> 7.2g
A59: Sugar | B59: =SUM(IF(ISNUMBER( SEARCH("g",D59)), LEFT(D59, LEN(D59)-1)*1, "")*0.5)&"g" -> 7.5g | C59: =SUM(IF(ISNUMBER( SEARCH("g",D59)), LEFT(D59, LEN(D59)-1)*1, "")*0.75)&"g" -> 11.25g | D59: 15g | E59: =SUM(IF(ISNUMBER( SEARCH("g",D59)), LEFT(D59, LEN(D59)-1)*1, "")*2)&"g" -> 30g | H59: =SUM(IF(ISNUMBER( SEARCH("g",E59)), LEFT(E59, LEN(E59)-1)*1, "")+(SUM(IF(ISNUMBER( SEARCH("g",Dairy!D82)), LEFT(Dairy!D82, LEN(Dairy!D82)-1)*1, ""))))&"g" -> 42g | I59: =SUM(IF(ISNUMBER( SEARCH("g",E59)), LEFT(E59, LEN(E59)-1)*1, "")+(SUM(IF(ISNUMBER( SEARCH("g",Dairy!F82)), LEFT(Dairy!F82, LEN(Dairy!F82)-1)*1, ""))))&"g" -> 54g
A60: Added Sugar | B60: =SUM(IF(ISNUMBER( SEARCH("g",D60)), LEFT(D60, LEN(D60)-1)*1, "")*0.5)&"g" -> 0g | C60: =SUM(IF(ISNUMBER( SEARCH("g",D60)), LEFT(D60, LEN(D60)-1)*1, "")*0.75)&"g" -> 0g | D60: 0g | E60: =SUM(IF(ISNUMBER( SEARCH("g",D60)), LEFT(D60, LEN(D60)-1)*1, "")*2)&"g" -> 0g | H60: =SUM(IF(ISNUMBER( SEARCH("g",E60)), LEFT(E60, LEN(E60)-1)*1, "")+(SUM(IF(ISNUMBER( SEARCH("g",Dairy!D83)), LEFT(Dairy!D83, LEN(Dairy!D83)-1)*1, ""))))&"g" -> 0g | I60: =SUM(IF(ISNUMBER( SEARCH("g",E60)), LEFT(E60, LEN(E60)-1)*1, "")+(SUM(IF(ISNUMBER( SEARCH("g",Dairy!F83)), LEFT(Dairy!F83, LEN(Dairy!F83)-1)*1, ""))))&"g" -> 0g
A61: Protein | B61: =SUM(IF(ISNUMBER( SEARCH("g",D61)), LEFT(D61, LEN(D61)-1)*1, "")*0.5)&"g" -> 0.5g | C61: =SUM(IF(ISNUMBER( SEARCH("g",D61)), LEFT(D61, LEN(D61)-1)*1, "")*0.75)&"g" -> 0.75g | D61: 1g | E61: =SUM(IF(ISNUMBER( SEARCH("g",D61)), LEFT(D61, LEN(D61)-1)*1, "")*2)&"g" -> 2g | H61: =SUM(IF(ISNUMBER( SEARCH("g",E61)), LEFT(E61, LEN(E61)-1)*1, "")+(SUM(IF(ISNUMBER( SEARCH("g",Dairy!D84)), LEFT(Dairy!D84, LEN(Dairy!D84)-1)*1, ""))))&"g" -> 11g | I61: =SUM(IF(ISNUMBER( SEARCH("g",E61)), LEFT(E61, LEN(E61)-1)*1, "")+(SUM(IF(ISNUMBER( SEARCH("g",Dairy!F84)), LEFT(Dairy!F84, LEN(Dairy!F84)-1)*1, ""))))&"g" -> 20g
A62: Quaker Simply Granola: Oats, honey, Raisins, and Almonds
A63: Serving Size | B63: 1/3 Cup | C63: 2/3 Cup(One Serving) | D63: 1 cup | E63: 1 1/3 CUP(2 Servings) | H63: 2/3 Cups Cereal + 1 Cup Whole Milk | I63: 1 1/3 Cups Cereal + 2 Cups Whole Milk
A64: Calories | B64: =ROUNDUP((C64/2),0) -> 135 | C64: 270 | D64: =(C64*1.5) -> 405 | E64: =(C64*2) -> 540 | H64: =(C64+Dairy!D75) -> 430 | I64: =(E64+Dairy!F75) -> 860
A65: Fat | B65: =SUM(IF(ISNUMBER( SEARCH("g",C65)), LEFT(C65, LEN(C65)-1)*1, "")*0.5)&"g" -> 3.5g | C65: 7g | D65: =SUM(IF(ISNUMBER( SEARCH("g",C65)), LEFT(C65, LEN(C65)-1)*1, "")*1.5)&"g" -> 10.5g | E65: =SUM(IF(ISNUMBER( SEARCH("g",D65)), LEFT(D65, LEN(D65)-1)*1, "")*2)&"g" -> 21g | H65: =SUM(IF(ISNUMBER( SEARCH("g",C65)), LEFT(C65, LEN(C65)-1)*1, "")+(SUM(IF(ISNUMBER( SEARCH("g",Dairy!D76)), LEFT(Dairy!D76, LEN(Dairy!D76)-1)*1, ""))))&"g" -> 15g | I65: =SUM(IF(ISNUMBER( SEARCH("g",E65)), LEFT(E65, LEN(E65)-1)*1, "")+(SUM(IF(ISNUMBER( SEARCH("g",Dairy!F76)), LEFT(Dairy!F76, LEN(Dairy!F76)-1)*1, ""))))&"g" -> 37g
A66: Saturated Fat | B66: =SUM(IF(ISNUMBER( SEARCH("g",C66)), LEFT(C66, LEN(C66)-1)*1, "")*0.5)&"g" -> 0.5g | C66: 1g | D66: =SUM(IF(ISNUMBER( SEARCH("g",C66)), LEFT(C66, LEN(C66)-1)*1, "")*1.5)&"g" -> 1.5g | E66: =SUM(IF(ISNUMBER( SEARCH("g",D66)), LEFT(D66, LEN(D66)-1)*1, "")*2)&"g" -> 3g | H66: =SUM(IF(ISNUMBER( SEARCH("g",C66)), LEFT(C66, LEN(C66)-1)*1, "")+(SUM(IF(ISNUMBER( SEARCH("g",Dairy!D77)), LEFT(Dairy!D77, LEN(Dairy!D77)-1)*1, ""))))&"g" -> 6g | I66: =SUM(IF(ISNUMBER( SEARCH("g",E66)), LEFT(E66, LEN(E66)-1)*1, "")+(SUM(IF(ISNUMBER( SEARCH("g",Dairy!F77)), LEFT(Dairy!F77, LEN(Dairy!F77)-1)*1, ""))))&"g" -> 13g
A67: Cholesterol | B67: =SUM(IF(ISNUMBER( SEARCH("mg",C67)), LEFT(C67, LEN(C67)-2)*1, "")*0.5)&"mg" -> 0mg | C67: 0mg | D67: =SUM(IF(ISNUMBER( SEARCH("mg",C67)), LEFT(C67, LEN(C67)-2)*1, "")*1.5)&"mg" -> 0mg | E67: =SUM(IF(ISNUMBER( SEARCH("mg",D67)), LEFT(D67, LEN(D67)-2)*1, "")*2)&"mg" -> 0mg | H67: =SUM(IF(ISNUMBER( SEARCH("mg",C67)), LEFT(C67, LEN(C67)-2)*1, "")+(SUM(IF(ISNUMBER( SEARCH("mg",Dairy!D78)), LEFT(Dairy!D78, LEN(Dairy!D78)-2)*1, ""))))&"mg" -> 35mg | I67: =SUM(IF(ISNUMBER( SEARCH("mg",E67)), LEFT(E67, LEN(E67)-2)*1, "")+(SUM(IF(ISNUMBER( SEARCH("mg",Dairy!F78)), LEFT(Dairy!F78, LEN(Dairy!F78)-2)*1, ""))))&"mg" -> 70mg
A68: Sodium | B68: =SUM(IF(ISNUMBER( SEARCH("mg",C68)), LEFT(C68, LEN(C68)-2)*1, "")*0.5)&"mg" -> 17.5mg | C68: 35mg | D68: =SUM(IF(ISNUMBER( SEARCH("mg",C68)), LEFT(C68, LEN(C68)-2)*1, "")*1.5)&"mg" -> 52.5mg | E68: =SUM(IF(ISNUMBER( SEARCH("mg",D68)), LEFT(D68, LEN(D68)-2)*1, "")*2)&"mg" -> 105mg | H68: =SUM(IF(ISNUMBER( SEARCH("mg",C68)), LEFT(C68, LEN(C68)-2)*1, "")+(SUM(IF(ISNUMBER( SEARCH("mg",Dairy!D79)), LEFT(Dairy!D79, LEN(Dairy!D79)-2)*1, ""))))&"mg" -> 165mg | I68: =SUM(IF(ISNUMBER( SEARCH("mg",E68)), LEFT(E68, LEN(E68)-2)*1, "")+(SUM(IF(ISNUMBER( SEARCH("mg",Dairy!F79)), LEFT(Dairy!F79, LEN(Dairy!F79)-2)*1, ""))))&"mg" -> 365mg
A69: Carbohydrates | B69: =SUM(IF(ISNUMBER( SEARCH("g",C69)), LEFT(C69, LEN(C69)-1)*1, "")*0.5)&"g" -> 25.5g | C69: 51g | D69: =SUM(IF(ISNUMBER( SEARCH("g",C69)), LEFT(C69, LEN(C69)-1)*1, "")*1.5)&"g" -> 76.5g | E69: =SUM(IF(ISNUMBER( SEARCH("g",D69)), LEFT(D69, LEN(D69)-1)*1, "")*2)&"g" -> 153g | H69: =SUM(IF(ISNUMBER( SEARCH("g",C69)), LEFT(C69, LEN(C69)-1)*1, "")+(SUM(IF(ISNUMBER( SEARCH("g",Dairy!D80)), LEFT(Dairy!D80, LEN(Dairy!D80)-1)*1, ""))))&"g" -> 64g | I69: =SUM(IF(ISNUMBER( SEARCH("g",E69)), LEFT(E69, LEN(E69)-1)*1, "")+(SUM(IF(ISNUMBER( SEARCH("g",Dairy!F80)), LEFT(Dairy!F80, LEN(Dairy!F80)-1)*1, ""))))&"g" -> 179g
A70: Fiber | B70: =SUM(IF(ISNUMBER( SEARCH("g",C70)), LEFT(C70, LEN(C70)-1)*1, "")*0.5)&"g" -> 3.5g | C70: 7g | D70: =SUM(IF(ISNUMBER( SEARCH("g",C70)), LEFT(C70, LEN(C70)-1)*1, "")*1.5)&"g" -> 10.5g | E70: =SUM(IF(ISNUMBER( SEARCH("g",D70)), LEFT(D70, LEN(D70)-1)*1, "")*2)&"g" -> 21g | H70: =SUM(IF(ISNUMBER( SEARCH("g",C70)), LEFT(C70, LEN(C70)-1)*1, "")+(SUM(IF(ISNUMBER( SEARCH("g",Dairy!D81)), LEFT(Dairy!D81, LEN(Dairy!D81)-1)*1, ""))))&"g" -> 7g | I70: =SUM(IF(ISNUMBER( SEARCH("g",E70)), LEFT(E70, LEN(E70)-1)*1, "")+(SUM(IF(ISNUMBER( SEARCH("g",Dairy!F81)), LEFT(Dairy!F81, LEN(Dairy!F81)-1)*1, ""))))&"g" -> 21g
A71: Sugar | B71: =SUM(IF(ISNUMBER( SEARCH("g",C71)), LEFT(C71, LEN(C71)-1)*1, "")*0.5)&"g" -> 8g | C71: 16g | D71: =SUM(IF(ISNUMBER( SEARCH("g",C71)), LEFT(C71, LEN(C71)-1)*1, "")*1.5)&"g" -> 24g | E71: =SUM(IF(ISNUMBER( SEARCH("g",D71)), LEFT(D71, LEN(D71)-1)*1, "")*2)&"g" -> 48g | H71: =SUM(IF(ISNUMBER( SEARCH("g",C71)), LEFT(C71, LEN(C71)-1)*1, "")+(SUM(IF(ISNUMBER( SEARCH("g",Dairy!D82)), LEFT(Dairy!D82, LEN(Dairy!D82)-1)*1, ""))))&"g" -> 28g | I71: =SUM(IF(ISNUMBER( SEARCH("g",E71)), LEFT(E71, LEN(E71)-1)*1, "")+(SUM(IF(ISNUMBER( SEARCH("g",Dairy!F82)), LEFT(Dairy!F82, LEN(Dairy!F82)-1)*1, ""))))&"g" -> 72g
A72: Added Sugar | B72: =SUM(IF(ISNUMBER( SEARCH("g",C72)), LEFT(C72, LEN(C72)-1)*1, "")*0.5)&"g" -> 4.5g | C72: 9g | D72: =SUM(IF(ISNUMBER( SEARCH("g",C72)), LEFT(C72, LEN(C72)-1)*1, "")*1.5)&"g" -> 13.5g | E72: =SUM(IF(ISNUMBER( SEARCH("g",D72)), LEFT(D72, LEN(D72)-1)*1, "")*2)&"g" -> 27g | H72: =SUM(IF(ISNUMBER( SEARCH("g",C72)), LEFT(C72, LEN(C72)-1)*1, "")+(SUM(IF(ISNUMBER( SEARCH("g",Dairy!D83)), LEFT(Dairy!D83, LEN(Dairy!D83)-1)*1, ""))))&"g" -> 9g | I72: =SUM(IF(ISNUMBER( SEARCH("g",E72)), LEFT(E72, LEN(E72)-1)*1, "")+(SUM(IF(ISNUMBER( SEARCH("g",Dairy!F83)), LEFT(Dairy!F83, LEN(Dairy!F83)-1)*1, ""))))&"g" -> 27g
A73: Protein | B73: =SUM(IF(ISNUMBER( SEARCH("g",C73)), LEFT(C73, LEN(C73)-1)*1, "")*0.5)&"g" -> 3.5g | C73: 7g | D73: =SUM(IF(ISNUMBER( SEARCH("g",C73)), LEFT(C73, LEN(C73)-1)*1, "")*1.5)&"g" -> 10.5g | E73: =SUM(IF(ISNUMBER( SEARCH("g",D73)), LEFT(D73, LEN(D73)-1)*1, "")*2)&"g" -> 21g | H73: =SUM(IF(ISNUMBER( SEARCH("g",C73)), LEFT(C73, LEN(C73)-1)*1, "")+(SUM(IF(ISNUMBER( SEARCH("g",Dairy!D84)), LEFT(Dairy!D84, LEN(Dairy!D84)-1)*1, ""))))&"g" -> 16g | I73: =SUM(IF(ISNUMBER( SEARCH("g",E73)), LEFT(E73, LEN(E73)-1)*1, "")+(SUM(IF(ISNUMBER( SEARCH("g",Dairy!F84)), LEFT(Dairy!F84, LEN(Dairy!F84)-1)*1, ""))))&"g" -> 39g
A74: Kellogg's Frosted Flakes
A75: Serving Size | B75: 1/2 Cup | C75: 1 cup | D75: 2 Cups(1 Serving) | E75: 4 cups (2 Servings) | H75: 2 Cups Cereal + 1 Cup Whole Milk | I75: 4 Cups Cereal + 2 Cups Whole Milk
A76: Calories | B76: =(D76*0.25) -> 65 | C76: =(D76*0.5) -> 130 | D76: 260 | E76: =(D76*2) -> 520 | H76: =D76+Dairy!D75 -> 420
A77: Fat | B77: =SUM(IF(ISNUMBER( SEARCH("g",D77)), LEFT(D77, LEN(D77)-1)*1, "")*0.25)&"g" -> 0g | C77: =SUM(IF(ISNUMBER( SEARCH("g",D77)), LEFT(D77, LEN(D77)-1)*1, "")*0.5)&"g" -> 0g | D77: 0g | E77: =SUM(IF(ISNUMBER( SEARCH("g",D77)), LEFT(D77, LEN(D77)-1)*1, "")*2)&"g" -> 0g | H77: =SUM(IF(ISNUMBER( SEARCH("g",E77)), LEFT(E77, LEN(E77)-1)*1, "")+(SUM(IF(ISNUMBER( SEARCH("g",Dairy!D76)), LEFT(Dairy!D76, LEN(Dairy!D76)-1)*1, ""))))&"g" -> 8g
A78: Saturated Fat | B78: =SUM(IF(ISNUMBER( SEARCH("g",D78)), LEFT(D78, LEN(D78)-1)*1, "")*0.25)&"g" -> 0g | C78: =SUM(IF(ISNUMBER( SEARCH("g",D78)), LEFT(D78, LEN(D78)-1)*1, "")*0.5)&"g" -> 0g | D78: 0g | E78: =SUM(IF(ISNUMBER( SEARCH("g",D78)), LEFT(D78, LEN(D78)-1)*1, "")*2)&"g" -> 0g | H78: =SUM(IF(ISNUMBER( SEARCH("g",E78)), LEFT(E78, LEN(E78)-1)*1, "")+(SUM(IF(ISNUMBER( SEARCH("g",Dairy!D77)), LEFT(Dairy!D77, LEN(Dairy!D77)-1)*1, ""))))&"g" -> 5g
A79: Cholesterol | B79: =SUM(IF(ISNUMBER( SEARCH("mg",D79)), LEFT(D79, LEN(D79)-2)*1, "")*0.25)&"mg" -> 0mg | C79: =SUM(IF(ISNUMBER( SEARCH("mg",D79)), LEFT(D79, LEN(D79)-2)*1, "")*0.5)&"mg" -> 0mg | D79: 0mg | E79: =SUM(IF(ISNUMBER( SEARCH("mg",D79)), LEFT(D79, LEN(D79)-2)*1, "")*2)&"mg" -> 0mg | H79: =SUM(IF(ISNUMBER( SEARCH("mg",D79)), LEFT(D79, LEN(D79)-2)*1, "")+(SUM(IF(ISNUMBER( SEARCH("mg",Dairy!D78)), LEFT(Dairy!D78, LEN(Dairy!D78)-2)*1, ""))))&"mg" -> 35mg
A80: Sodium | B80: =SUM(IF(ISNUMBER( SEARCH("mg",D80)), LEFT(D80, LEN(D80)-2)*1, "")*0.25)&"mg" -> 95mg | C80: =SUM(IF(ISNUMBER( SEARCH("mg",D80)), LEFT(D80, LEN(D80)-2)*1, "")*0.5)&"mg" -> 190mg | D80: 380mg | E80: =SUM(IF(ISNUMBER( SEARCH("mg",D80)), LEFT(D80, LEN(D80)-2)*1, "")*2)&"mg" -> 760mg | H80: =SUM(IF(ISNUMBER( SEARCH("mg",D80)), LEFT(D80, LEN(D80)-2)*1, "")+(SUM(IF(ISNUMBER( SEARCH("mg",Dairy!D79)), LEFT(Dairy!D79, LEN(Dairy!D79)-2)*1, ""))))&"mg" -> 510mg
A81: Carbohydrates | B81: =SUM(IF(ISNUMBER( SEARCH("g",D81)), LEFT(D81, LEN(D81)-1)*1, "")*0.25)&"g" -> 16.5g | C81: =SUM(IF(ISNUMBER( SEARCH("g",D81)), LEFT(D81, LEN(D81)-1)*1, "")*0.5)&"g" -> 33g | D81: 66g | E81: =SUM(IF(ISNUMBER( SEARCH("g",D81)), LEFT(D81, LEN(D81)-1)*1, "")*2)&"g" -> 132g | H81: =SUM(IF(ISNUMBER( SEARCH("g",E81)), LEFT(E81, LEN(E81)-1)*1, "")+(SUM(IF(ISNUMBER( SEARCH("g",Dairy!D80)), LEFT(Dairy!D80, LEN(Dairy!D80)-1)*1, ""))))&"g" -> 145g
A82: Fiber | B82: =SUM(IF(ISNUMBER( SEARCH("g",D82)), LEFT(D82, LEN(D82)-1)*1, "")*0.25)&"g" -> 0.5g | C82: =SUM(IF(ISNUMBER( SEARCH("g",D82)), LEFT(D82, LEN(D82)-1)*1, "")*0.5)&"g" -> 1g | D82: 2g | E82: =SUM(IF(ISNUMBER( SEARCH("g",D82)), LEFT(D82, LEN(D82)-1)*1, "")*2)&"g" -> 4g | H82: =SUM(IF(ISNUMBER( SEARCH("g",E82)), LEFT(E82, LEN(E82)-1)*1, "")+(SUM(IF(ISNUMBER( SEARCH("g",Dairy!D81)), LEFT(Dairy!D81, LEN(Dairy!D81)-1)*1, ""))))&"g" -> 4g
A83: Sugar | B83: =SUM(IF(ISNUMBER( SEARCH("g",D83)), LEFT(D83, LEN(D83)-1)*1, "")*0.25)&"g" -> 6g | C83: =SUM(IF(ISNUMBER( SEARCH("g",D83)), LEFT(D83, LEN(D83)-1)*1, "")*0.5)&"g" -> 12g | D83: 24g | E83: =SUM(IF(ISNUMBER( SEARCH("g",D83)), LEFT(D83, LEN(D83)-1)*1, "")*2)&"g" -> 48g | H83: =SUM(IF(ISNUMBER( SEARCH("g",E83)), LEFT(E83, LEN(E83)-1)*1, "")+(SUM(IF(ISNUMBER( SEARCH("g",Dairy!D82)), LEFT(Dairy!D82, LEN(Dairy!D82)-1)*1, ""))))&"g" -> 60g
A84: Added Sugar | B84: =SUM(IF(ISNUMBER( SEARCH("g",D84)), LEFT(D84, LEN(D84)-1)*1, "")*0.25)&"g" -> 6g | C84: =SUM(IF(ISNUMBER( SEARCH("g",D84)), LEFT(D84, LEN(D84)-1)*1, "")*0.5)&"g" -> 12g | D84: 24g | E84: =SUM(IF(ISNUMBER( SEARCH("g",D84)), LEFT(D84, LEN(D84)-1)*1, "")*2)&"g" -> 48g | H84: =SUM(IF(ISNUMBER( SEARCH("g",E84)), LEFT(E84, LEN(E84)-1)*1, "")+(SUM(IF(ISNUMBER( SEARCH("g",Dairy!D83)), LEFT(Dairy!D83, LEN(Dairy!D83)-1)*1, ""))))&"g" -> 48g
A85: Protein | B85: =SUM(IF(ISNUMBER( SEARCH("g",D85)), LEFT(D85, LEN(D85)-1)*1, "")*0.25)&"g" -> 1g | C85: =SUM(IF(ISNUMBER( SEARCH("g",D85)), LEFT(D85, LEN(D85)-1)*1, "")*0.5)&"g" -> 2g | D85: 4g | E85: =SUM(IF(ISNUMBER( SEARCH("g",D85)), LEFT(D85, LEN(D85)-1)*1, "")*2)&"g" -> 8g | H85: =SUM(IF(ISNUMBER( SEARCH("g",E85)), LEFT(E85, LEN(E85)-1)*1, "")+(SUM(IF(ISNUMBER( SEARCH("g",Dairy!D84)), LEFT(Dairy!D84, LEN(Dairy!D84)-1)*1, ""))))&"g" -> 17g
A86: Kellogg's Raisin Bran Crunch
A87: Serving Size | B87: 1/2 Cup | C87: 3/4 Cup | D87: 1 cup | E87: 2 Cups(1 Serving) | F87: 4 Cups (2 servings) | H87: 2 Cups Cereal + 1 Cup Whole Milk | I87: 4 Cups Cereal + 2 Cups Whole Milk
A88: Calories | B88: =(E88*0.25) -> 95 | C88: =(E88*0.375) -> 142.5 | D88: =(E88*0.5) -> 190 | E88: 380 | F88: =(E88*2) -> 760 | H88: =E88+Dairy!D75 -> 540
A89: Fat | B89: =SUM(IF(ISNUMBER( SEARCH("g",E89)), LEFT(E89, LEN(E89)-1)*1, "")*0.25)&"g" -> 0.5g | C89: =SUM(IF(ISNUMBER( SEARCH("g",E89)), LEFT(E89, LEN(E89)-1)*1, "")*0.375)&"g" -> 0.75g | D89: =SUM(IF(ISNUMBER( SEARCH("g",E89)), LEFT(E89, LEN(E89)-1)*1, "")*0.5)&"g" -> 1g | E89: 2g | F89: =SUM(IF(ISNUMBER( SEARCH("g",E89)), LEFT(E89, LEN(E89)-1)*1, "")*2)&"g" -> 4g | H89: =SUM(IF(ISNUMBER( SEARCH("g",E89)), LEFT(E89, LEN(E89)-1)*1, "")+(SUM(IF(ISNUMBER( SEARCH("g",Dairy!D76)), LEFT(Dairy!D76, LEN(Dairy!D76)-1)*1, ""))))&"g" -> 10g
A90: Saturated Fat | B90: =SUM(IF(ISNUMBER( SEARCH("g",E90)), LEFT(E90, LEN(E90)-1)*1, "")*0.25)&"g" -> 0g | C90: =SUM(IF(ISNUMBER( SEARCH("g",E90)), LEFT(E90, LEN(E90)-1)*1, "")*0.375)&"g" -> 0g | D90: =SUM(IF(ISNUMBER( SEARCH("g",E90)), LEFT(E90, LEN(E90)-1)*1, "")*0.5)&"g" -> 0g | E90: 0g | F90: =SUM(IF(ISNUMBER( SEARCH("g",E90)), LEFT(E90, LEN(E90)-1)*1, "")*2)&"g" -> 0g | H90: =SUM(IF(ISNUMBER( SEARCH("g",E90)), LEFT(E90, LEN(E90)-1)*1, "")+(SUM(IF(ISNUMBER( SEARCH("g",Dairy!D77)), LEFT(Dairy!D77, LEN(Dairy!D77)-1)*1, ""))))&"g" -> 5g
A91: Cholesterol | B91: =SUM(IF(ISNUMBER( SEARCH("mg",E91)), LEFT(E91, LEN(E91)-2)*1, "")*0.5)&"mg" -> 0mg | C91: =SUM(IF(ISNUMBER( SEARCH("mg",E91)), LEFT(E91, LEN(E91)-2)*1, "")*0.375)&"mg" -> 0mg | D91: =SUM(IF(ISNUMBER( SEARCH("mg",E91)), LEFT(E91, LEN(E91)-2)*1, "")*0.5)&"mg" -> 0mg | E91: 0mg | F91: =SUM(IF(ISNUMBER( SEARCH("mg",E91)), LEFT(E91, LEN(E91)-2)*1, "")*2)&"mg" -> 0mg | H91: =SUM(IF(ISNUMBER( SEARCH("mg",E91)), LEFT(E91, LEN(E91)-2)*1, "")+(SUM(IF(ISNUMBER( SEARCH("mg",Dairy!D78)), LEFT(Dairy!D78, LEN(Dairy!D78)-2)*1, ""))))&"mg" -> 35mg
A92: Sodium | B92: =SUM(IF(ISNUMBER( SEARCH("mg",E92)), LEFT(E92, LEN(E92)-2)*1, "")*0.5)&"mg" -> 200mg | C92: =SUM(IF(ISNUMBER( SEARCH("mg",E92)), LEFT(E92, LEN(E92)-2)*1, "")*0.375)&"mg" -> 150mg | D92: =SUM(IF(ISNUMBER( SEARCH("mg",E92)), LEFT(E92, LEN(E92)-2)*1, "")*0.5)&"mg" -> 200mg | E92: 400mg | F92: =SUM(IF(ISNUMBER( SEARCH("mg",E92)), LEFT(E92, LEN(E92)-2)*1, "")*2)&"mg" -> 800mg | H92: =SUM(IF(ISNUMBER( SEARCH("mg",E92)), LEFT(E92, LEN(E92)-2)*1, "")+(SUM(IF(ISNUMBER( SEARCH("mg",Dairy!D79)), LEFT(Dairy!D79, LEN(Dairy!D79)-2)*1, ""))))&"mg" -> 530mg
A93: Carbohydrates | B93: =SUM(IF(ISNUMBER( SEARCH("g",E93)), LEFT(E93, LEN(E93)-1)*1, "")*0.25)&"g" -> 23g | C93: =SUM(IF(ISNUMBER(SEARCH("g",E93)),LEFT(E93,LEN(E93)-1)*1,"")*0.375)&"g" -> 34.5g | D93: =SUM(IF(ISNUMBER( SEARCH("g",E93)), LEFT(E93, LEN(E93)-1)*1, "")*0.5)&"g" -> 46g | E93: 92g | F93: =SUM(IF(ISNUMBER( SEARCH("g",E93)), LEFT(E93, LEN(E93)-1)*1, "")*2)&"g" -> 184g | H93: =SUM(IF(ISNUMBER( SEARCH("g",E93)), LEFT(E93, LEN(E93)-1)*1, "")+(SUM(IF(ISNUMBER( SEARCH("g",Dairy!D80)), LEFT(Dairy!D80, LEN(Dairy!D80)-1)*1, ""))))&"g" -> 105g
A94: Fiber | B94: =SUM(IF(ISNUMBER( SEARCH("g",E94)), LEFT(E94, LEN(E94)-1)*1, "")*0.25)&"g" -> 2g | C94: =SUM(IF(ISNUMBER( SEARCH("g",E94)), LEFT(E94, LEN(E94)-1)*1, "")*0.375)&"g" -> 3g | D94: =SUM(IF(ISNUMBER( SEARCH("g",E94)), LEFT(E94, LEN(E94)-1)*1, "")*0.5)&"g" -> 4g | E94: 8g | F94: =SUM(IF(ISNUMBER( SEARCH("g",E94)), LEFT(E94, LEN(E94)-1)*1, "")*2)&"g" -> 16g | H94: =SUM(IF(ISNUMBER( SEARCH("g",E94)), LEFT(E94, LEN(E94)-1)*1, "")+(SUM(IF(ISNUMBER( SEARCH("g",Dairy!D81)), LEFT(Dairy!D81, LEN(Dairy!D81)-1)*1, ""))))&"g" -> 8g
A95: Sugar | B95: =SUM(IF(ISNUMBER( SEARCH("g",E95)), LEFT(E95, LEN(E95)-1)*1, "")*0.25)&"g" -> 9.5g | C95: =SUM(IF(ISNUMBER( SEARCH("g",E95)), LEFT(E95, LEN(E95)-1)*1, "")*0.375)&"g" -> 14.25g | D95: =SUM(IF(ISNUMBER( SEARCH("g",E95)), LEFT(E95, LEN(E95)-1)*1, "")*0.5)&"g" -> 19g | E95: 38g | F95: =SUM(IF(ISNUMBER( SEARCH("g",E95)), LEFT(E95, LEN(E95)-1)*1, "")*2)&"g" -> 76g | H95: =SUM(IF(ISNUMBER( SEARCH("g",E95)), LEFT(E95, LEN(E95)-1)*1, "")+(SUM(IF(ISNUMBER( SEARCH("g",Dairy!D82)), LEFT(Dairy!D82, LEN(Dairy!D82)-1)*1, ""))))&"g" -> 50g
A96: Added Sugar | B96: =SUM(IF(ISNUMBER( SEARCH("g",E96)), LEFT(E96, LEN(E96)-1)*1, "")*0.25)&"g" -> 6.5g | C96: =SUM(IF(ISNUMBER( SEARCH("g",E96)), LEFT(E96, LEN(E96)-1)*1, "")*0.375)&"g" -> 9.75g | D96: =SUM(IF(ISNUMBER( SEARCH("g",E96)), LEFT(E96, LEN(E96)-1)*1, "")*0.5)&"g" -> 13g | E96: 26g | F96: =SUM(IF(ISNUMBER( SEARCH("g",E96)), LEFT(E96, LEN(E96)-1)*1, "")*2)&"g" -> 52g | H96: =SUM(IF(ISNUMBER( SEARCH("g",E96)), LEFT(E96, LEN(E96)-1)*1, "")+(SUM(IF(ISNUMBER( SEARCH("g",Dairy!D83)), LEFT(Dairy!D83, LEN(Dairy!D83)-1)*1, ""))))&"g" -> 26g
A97: Protein | B97: =SUM(IF(ISNUMBER( SEARCH("g",E97)), LEFT(E97, LEN(E97)-1)*1, "")*0.25)&"g" -> 2g | C97: =SUM(IF(ISNUMBER( SEARCH("g",E97)), LEFT(E97, LEN(E97)-1)*1, "")*0.375)&"g" -> 3g | D97: =SUM(IF(ISNUMBER( SEARCH("g",E97)), LEFT(E97, LEN(E97)-1)*1, "")*0.5)&"g" -> 4g | E97: 8g | F97: =SUM(IF(ISNUMBER( SEARCH("g",E97)), LEFT(E97, LEN(E97)-1)*1, "")*2)&"g" -> 16g | H97: =SUM(IF(ISNUMBER( SEARCH("g",E97)), LEFT(E97, LEN(E97)-1)*1, "")+(SUM(IF(ISNUMBER( SEARCH("g",Dairy!D84)), LEFT(Dairy!D84, LEN(Dairy!D84)-1)*1, ""))))&"g" -> 17g
A98: HOT
A99: Quaker State Oatmeal
A100: Serving Size | B100: 1/2 cup | C100: 1 cup
...

Sheet Drinks
A1: Lipton Green Tea Citrus
A2: Serving Size | B2: 1 bottle (16.9 oz)
A3: Calories | B3: 100
A4: Fat | B4: 0g
A5: Saturated Fat | B5: 0g
A6: Cholesterol | B6: 0mg
A7: Sodium | B7: 150mg
A8: Carbohydrates | B8: 25g
A9: Fiber | B9: 0g
A10: Sugar | B10: 25g
A11: Added Sugar | B11: 25g
A12: Protein | B12: 0g
A13: Redbull Energy Drink
A14: Serving Size | B14: 1 can (8.4 oz)
A15: Calories | B15: 110
A16: Fat | B16: 0g
A17: Saturated Fat | B17: 0g
A18: Cholesterol | B18: 0mg
A19: Sodium | B19: 105mg
A20: Carbohydrates | B20: 29g
A21: Fiber | B21: 0g
A22: Sugar | B22: 27g
A23: Added Sugar | B23: 27g
A24: Protein | B24: 0g
A25: Dutch Bros Annihilator
A26: Serving Size | B26: 20 ounces
A27: Calories | B27: 546
A28: Fat | B28: 37g
A29: Saturated Fat | B29: 21g
A30: Cholesterol | B30: 161mg
A31: Sodium | B31: 0mg
A32: Carbohydrates | B32: 47g
A33: Fiber | B33: 0g
A34: Sugar | B34: 35g
A35: Added Sugar | B35: 0g
A36: Protein | B36: 10g
A37: Dutch Bros Cocomo Freeze
A38: Serving Size | B38: 16 ounces
A39: Calories | B39: 429
A40: Fat | B40: 9g
A41: Saturated Fat | B41: 6g
A42: Cholesterol | B42: 27mg
A43: Sodium | B43: 130mg
A44: Carbohydrates | B44: 70g
A45: Fiber | B45: 0g
A46: Sugar | B46: 68g
A47: Added Sugar | B47: 0g
A48: Protein | B48: 11g
A49: Caffeine | B49: 159mg
A50: Dutch Bros Carmelizer
A51: Serving Size | B51: 16 ounces
A52: Calories | B52: 474
A53: Fat | B53: 13g
A54: Saturated Fat | B54: 8g
A55: Cholesterol | B55: 49mg
A56: Sodium | B56: 304mg
A57: Carbohydrates | B57: 59g
A58: Fiber | B58: 0g
A59: Sugar | B59: 39g
A60: Added Sugar | B60: 0g
A61: Protein | B61: 8g
A62: Folgers Home Brew With 2 Teaspoons Sugar
A63: Serving Size | B63: 10 oz
A64: Calories | B64: 30
A65: Fat | B65: 0g
A66: Saturated Fat | B66: 0g
A67: Cholesterol | B67: 0mg
A68: Sodium | B68: 8mg
A69: Carbohydrates | B69: 8g
A70: Fiber | B70: 0g
A71: Sugar | B71: 8g
A72: Added Sugar | B72: 0g
A73: Protein | B73: 0.4g
A74: Maxwell House Iced Coffee with Cream and Sugar
A75: Serving Size | B75: 1 can (11 fl oz - 325 ml)
A76: Calories | B76: 100
A77: Fat | B77: 1.5g
A78: Saturated Fat | B78: 1g
A79: Cholesterol | B79: 5mg
A80: Sodium | B80: 90mg
A81: Carbohydrates | B81: 17g
A82: Fiber | B82: 0g
A83: Sugar | B83: 15g
A84: Added Sugar | B84: 11g
A85: Protein | B85: 3g
A86: International Delight Iced Coffee w/ Milk and Cream
A87: Serving Size | B87: 12 Fluid Ounces (1 serving)
A88: Calories | B88: 180
A89: Fat | B89: 3.5g
A90: Saturated Fat | B90: 2.5g
A91: Cholesterol | B91: 10mg
A92: Sodium | B92: 120mg
A93: Carbohydrates | B93: 31g
A94: Fiber | B94: 0g
A95: Sugar | B95: 29g
A96: Added Sugar | B96: 23g
A97: Protein | B97: 5g
A98: International Delight Reese's Iced Coffee w/ Milk and Cream
A99: Serving Size | B99: 12 Fluid Ounces (1 serving)
A100: Calories | B100: 170
...

Sheet Dairy
A1: Eggs
A2: Serving Size | B2: 1 Egg | C2: 2 Eggs | D2: 3 Eggs | E2: 4 Eggs
A3: Calories | B3: 70 | C3: =(B3*2) -> 140 | D3: =(B3*3) -> 210 | E3: =(B3*4) -> 280
A4: Fat | B4: 5g | C4: =SUM(IF(ISNUMBER( SEARCH("g",B4)), LEFT(B4, LEN(B4)-1)*1, "")+(SUM(IF(ISNUMBER( SEARCH("g",B4)), LEFT(B4, LEN(B4)-1)*1, ""))))&"g" -> 10g | D4: =SUM(IF(ISNUMBER( SEARCH("g",C4)), LEFT(C4, LEN(C4)-1)*1, "")+(SUM(IF(ISNUMBER( SEARCH("g",C4)), LEFT(C4, LEN(C4)-1)*1, "")))/2)&"g" -> 15g | E4: =SUM(IF(ISNUMBER( SEARCH("g",B4)), LEFT(B4, LEN(B4)-1)*1, "")*4)&"g" -> 20g
A5: Saturated Fat | B5: 1.5g | C5: =SUM(IF(ISNUMBER( SEARCH("g",B5)), LEFT(B5, LEN(B5)-1)*1, "")*2)&"mg" -> 3mg | D5: =SUM(IF(ISNUMBER( SEARCH("g",B5)), LEFT(B5, LEN(B5)-1)*1, "")*3)&"g" -> 4.5g | E5: =SUM(IF(ISNUMBER( SEARCH("g",B5)), LEFT(B5, LEN(B5)-1)*1, "")*4)&"g" -> 6g
A6: Cholesterol | B6: 185mg | C6: =SUM(IF(ISNUMBER( SEARCH("mg",B6)), LEFT(B6, LEN(B6)-2)*1, "")*2)&"mg" -> 370mg | D6: =SUM(IF(ISNUMBER( SEARCH("mg",B6)), LEFT(B6, LEN(B6)-2)*1, "")*3)&"mg" -> 555mg | E6: =SUM(IF(ISNUMBER( SEARCH("mg",B6)), LEFT(B6, LEN(B6)-2)*1, "")*4)&"mg" -> 740mg
A7: Sodium | B7: 70mg | C7: =SUM(IF(ISNUMBER( SEARCH("mg",B7)), LEFT(B7, LEN(B7)-2)*1, "")*2)&"mg" -> 140mg | D7: =SUM(IF(ISNUMBER( SEARCH("mg",B7)), LEFT(B7, LEN(B7)-2)*1, "")*3)&"mg" -> 210mg | E7: =SUM(IF(ISNUMBER( SEARCH("mg",B7)), LEFT(B7, LEN(B7)-2)*1, "")*4)&"mg" -> 280mg
A8: Carbs | B8: 0g | C8: =SUM(IF(ISNUMBER( SEARCH("g",B8)), LEFT(B8, LEN(B8)-1)*1, "")*2)&"g" -> 0g | D8: =SUM(IF(ISNUMBER( SEARCH("g",B8)), LEFT(B8, LEN(B8)-1)*1, "")*3)&"g" -> 0g | E8: =SUM(IF(ISNUMBER( SEARCH("g",B8)), LEFT(B8, LEN(B8)-1)*1, "")*4)&"g" -> 0g
A9: Fiber | B9: 0g | C9: =SUM(IF(ISNUMBER( SEARCH("g",B9)), LEFT(B9, LEN(B9)-1)*1, "")*2)&"g" -> 0g | D9: =SUM(IF(ISNUMBER( SEARCH("g",B9)), LEFT(B9, LEN(B9)-1)*1, "")*3)&"g" -> 0g | E9: =SUM(IF(ISNUMBER( SEARCH("g",B9)), LEFT(B9, LEN(B9)-1)*1, "")*4)&"g" -> 0g
A10: Sugar | B10: 0g | C10: =SUM(IF(ISNUMBER( SEARCH("g",B10)), LEFT(B10, LEN(B10)-1)*1, "")*2)&"g" -> 0g | D10: =SUM(IF(ISNUMBER( SEARCH("g",B10)), LEFT(B10, LEN(B10)-1)*1, "")*3)&"g" -> 0g | E10: =SUM(IF(ISNUMBER( SEARCH("g",B10)), LEFT(B10, LEN(B10)-1)*1, "")*4)&"g" -> 0g
A11: Added Sugar | B11: 0g | C11: =SUM(IF(ISNUMBER( SEARCH("g",B11)), LEFT(B11, LEN(B11)-1)*1, "")*2)&"g" -> 0g | D11: =SUM(IF(ISNUMBER( SEARCH("g",B11)), LEFT(B11, LEN(B11)-1)*1, "")*3)&"g" -> 0g | E11: =SUM(IF(ISNUMBER( SEARCH("g",B11)), LEFT(B11, LEN(B11)-1)*1, "")*4)&"g" -> 0g
A12: Protein | B12: 6g | C12: =SUM(IF(ISNUMBER( SEARCH("g",B12)), LEFT(B12, LEN(B12)-1)*1, "")*2)&"g" -> 12g | D12: =SUM(IF(ISNUMBER( SEARCH("g",B12)), LEFT(B12, LEN(B12)-1)*1, "")*3)&"g" -> 18g | E12: =SUM(IF(ISNUMBER( SEARCH("g",B12)), LEFT(B12, LEN(B12)-1)*1, "")*4)&"g" -> 24g
A13: Best Foods Mayonaise
A14: Serving Size | B14: 1 Tbsp | C14: 2 Tbsp | D14: 3 TBSp
A15: Calories | B15: 90 | C15: =(B15*2) -> 180 | D15: =(B15*3) -> 270
A16: Fat | B16: 10g | C16: =SUM(IF(ISNUMBER( SEARCH("g",B16)), LEFT(B16, LEN(B16)-1)*1, "")*2)&"g" -> 20g | D16: =SUM(IF(ISNUMBER( SEARCH("g",B16)), LEFT(B16, LEN(B16)-1)*1, "")*3)&"g" -> 30g
A17: Saturated Fat | B17: 1.5g | C17: =SUM(IF(ISNUMBER( SEARCH("g",B17)), LEFT(B17, LEN(B17)-1)*1, "")*2)&"g" -> 3g | D17: =SUM(IF(ISNUMBER( SEARCH("g",B17)), LEFT(B17, LEN(B17)-1)*1, "")*3)&"g" -> 4.5g
A18: Cholesterol | B18: 5mg | C18: =SUM(IF(ISNUMBER( SEARCH("mg",B18)), LEFT(B18, LEN(B18)-2)*1, "")*2)&"mg" -> 10mg | D18: =SUM(IF(ISNUMBER( SEARCH("mg",B18)), LEFT(B18, LEN(B18)-2)*1, "")*3)&"mg" -> 15mg
A19: Sodium | B19: 95mg | C19: =SUM(IF(ISNUMBER( SEARCH("mg",B19)), LEFT(B19, LEN(B19)-2)*1, "")*2)&"mg" -> 190mg | D19: =SUM(IF(ISNUMBER( SEARCH("mg",B19)), LEFT(B19, LEN(B19)-2)*1, "")*3)&"mg" -> 285mg
A20: Carbohydrates | B20: 0g | C20: =SUM(IF(ISNUMBER( SEARCH("g",B20)), LEFT(B20, LEN(B20)-1)*1, "")*2)&"g" -> 0g | D20: =SUM(IF(ISNUMBER( SEARCH("g",B20)), LEFT(B20, LEN(B20)-1)*1, "")*3)&"g" -> 0g
A21: Fiber | B21: 0g | C21: =SUM(IF(ISNUMBER( SEARCH("g",B21)), LEFT(B21, LEN(B21)-1)*1, "")*2)&"g" -> 0g | D21: =SUM(IF(ISNUMBER( SEARCH("g",B21)), LEFT(B21, LEN(B21)-1)*1, "")*3)&"g" -> 0g
A22: Sugar | B22: 0g | C22: =SUM(IF(ISNUMBER( SEARCH("g",B22)), LEFT(B22, LEN(B22)-1)*1, "")*2)&"g" -> 0g | D22: =SUM(IF(ISNUMBER( SEARCH("g",B22)), LEFT(B22, LEN(B22)-1)*1, "")*3)&"g" -> 0g
A23: Added Sugar | B23: 0g | C23: =SUM(IF(ISNUMBER( SEARCH("g",B23)), LEFT(B23, LEN(B23)-1)*1, "")*2)&"g" -> 0g | D23: =SUM(IF(ISNUMBER( SEARCH("g",B23)), LEFT(B23, LEN(B23)-1)*1, "")*3)&"g" -> 0g
A24: Protein | B24: 0g | C24: =SUM(IF(ISNUMBER( SEARCH("g",B24)), LEFT(B24, LEN(B24)-1)*1, "")*2)&"g" -> 0g | D24: =SUM(IF(ISNUMBER( SEARCH("g",B24)), LEFT(B24, LEN(B24)-1)*1, "")*3)&"g" -> 0g
A25: Great Value Peper Jack Sliced Cheese
A26: Serving Size | B26: 1 Slice | C26: 2 Slice
A27: Calories | B27: 70 | C27: =(B27*2) -> 140
A28: Fat | B28: 6g | C28: =SUM(IF(ISNUMBER( SEARCH("g",B28)), LEFT(B28, LEN(B28)-1)*1, "")*2)&"g" -> 12g
A29: Saturated Fat | B29: 3.5g | C29: =SUM(IF(ISNUMBER( SEARCH("g",B29)), LEFT(B29, LEN(B29)-1)*1, "")*2)&"g" -> 7g
A30: Cholesterol | B30: 20mg | C30: =SUM(IF(ISNUMBER( SEARCH("mg",B30)), LEFT(B30, LEN(B30)-2)*1, "")*2)&"mg" -> 40mg
A31: Sodium | B31: 125 mg | C31: =SUM(IF(ISNUMBER( SEARCH("mg",B31)), LEFT(B31, LEN(B31)-2)*1, "")*2)&"mg" -> 250mg
A32: Carbohydrates | B32: 0g | C32: =SUM(IF(ISNUMBER( SEARCH("g",B32)), LEFT(B32, LEN(B32)-1)*1, "")*2)&"g" -> 0g
A33: Fiber | B33: 0g | C33: =SUM(IF(ISNUMBER( SEARCH("g",B33)), LEFT(B33, LEN(B33)-1)*1, "")*2)&"g" -> 0g
A34: Sugar | B34: 0g | C34: =SUM(IF(ISNUMBER( SEARCH("g",B34)), LEFT(B34, LEN(B34)-1)*1, "")*2)&"g" -> 0g
A35: Added Sugar | B35: 0g | C35: =SUM(IF(ISNUMBER( SEARCH("g",B35)), LEFT(B35, LEN(B35)-1)*1, "")*2)&"g" -> 0g
A36: Protein | B36: 5g | C36: =SUM(IF(ISNUMBER( SEARCH("g",B36)), LEFT(B36, LEN(B36)-1)*1, "")*2)&"g" -> 10g
A37: Great Value Sliced Swiss Cheese
A38: Serving Size | B38: 1 slice | C38: 2 Slice
A39: Calories | B39: 70 | C39: =(B39*2) -> 140
A40: Fat | B40: 6g | C40: =SUM(IF(ISNUMBER( SEARCH("g",B40)), LEFT(B40, LEN(B40)-1)*1, "")*2)&"g" -> 12g
A41: Saturated Fat | B41: 3.5g | C41: =SUM(IF(ISNUMBER( SEARCH("g",B41)), LEFT(B41, LEN(B41)-1)*1, "")*2)&"g" -> 7g
A42: Cholesterol | B42: 20mg | C42: =SUM(IF(ISNUMBER( SEARCH("mg",B42)), LEFT(B42, LEN(B42)-2)*1, "")*2)&"mg" -> 40mg
A43: Sodium | B43: 35mg | C43: =SUM(IF(ISNUMBER( SEARCH("mg",B43)), LEFT(B43, LEN(B43)-2)*1, "")*2)&"mg" -> 70mg
A44: Carbohydrates | B44: 0g | C44: =SUM(IF(ISNUMBER( SEARCH("g",B44)), LEFT(B44, LEN(B44)-1)*1, "")*2)&"g" -> 0g
A45: Fiber | B45: 0g | C45: =SUM(IF(ISNUMBER( SEARCH("g",B45)), LEFT(B45, LEN(B45)-1)*1, "")*2)&"g" -> 0g
A46: Sugar | B46: 0g | C46: =SUM(IF(ISNUMBER( SEARCH("g",B46)), LEFT(B46, LEN(B46)-1)*1, "")*2)&"g" -> 0g
A47: Added Sugar | B47: 0g | C47: =SUM(IF(ISNUMBER( SEARCH("g",B47)), LEFT(B47, LEN(B47)-1)*1, "")*2)&"g" -> 0g
A48: Protein | B48: 5g | C48: =SUM(IF(ISNUMBER( SEARCH("g",B48)), LEFT(B48, LEN(B48)-1)*1, "")*2)&"g" -> 10g
A49: Darigold Old Fashioned Vanilla Milk
A50: Serving Size | B50: 1 bottle (14 fl oz)
A51: Calories | B51: 460
A52: Fat | B52: 16g
A53: Saturated Fat | B53: 10g
A54: Cholesterol | B54: 70mg
A55: Sodium | B55: 240mg
A56: Carbohydrates | B56: 64g
A57: Fiber | B57: 0g
A58: Sugar | B58: 61g
A59: Added Sugar | B59: 38g
A60: Protein | B60: 16g
A61: Umpqua 2% Chocolate Milk
A62: Serving Size | B62: 1 cup (8 ounces) | C62: 10 ounces | D62: 12 ounces
A63: Calories | B63: 210 | C63: =(B63*1.25) -> 262.5 | D63: =(B63*1.5) -> 315
A64: Fat | B64: 5g | C64: =SUM(IF(ISNUMBER( SEARCH("g",B64)), LEFT(B64, LEN(B64)-1)*1, "")*1.25)&"g" -> 6.25g | D64: =SUM(IF(ISNUMBER( SEARCH("g",B64)), LEFT(B64, LEN(B64)-1)*1, "")*1.5)&"g" -> 7.5g
A65: Saturated Fat | B65: 3.5g | C65: =SUM(IF(ISNUMBER( SEARCH("g",B65)), LEFT(B65, LEN(B65)-1)*1, "")*1.25)&"g" -> 4.375g | D65: =SUM(IF(ISNUMBER( SEARCH("g",B65)), LEFT(B65, LEN(B65)-1)*1, "")*1.5)&"g" -> 5.25g
A66: Cholesterol | B66: 20mg | C66: =SUM(IF(ISNUMBER( SEARCH("mg",B66)), LEFT(B66, LEN(B66)-2)*1, "")*1.25)&"mg" -> 25mg | D66: =SUM(IF(ISNUMBER( SEARCH("mg",B66)), LEFT(B66, LEN(B66)-2)*1, "")*1.5)&"mg" -> 30mg
A67: Sodium | B67: 200mg | C67: =SUM(IF(ISNUMBER( SEARCH("mg",B67)), LEFT(B67, LEN(B67)-2)*1, "")*1.25)&"mg" -> 250mg | D67: =SUM(IF(ISNUMBER( SEARCH("mg",B67)), LEFT(B67, LEN(B67)-2)*1, "")*1.5)&"mg" -> 300mg
A68: Carbohydrates | B68: 33g | C68: =SUM(IF(ISNUMBER( SEARCH("g",B68)), LEFT(B68, LEN(B68)-1)*1, "")*1.25)&"g" -> 41.25g | D68: =SUM(IF(ISNUMBER( SEARCH("g",B68)), LEFT(B68, LEN(B68)-1)*1, "")*1.5)&"g" -> 49.5g
A69: Fiber | B69: 1g | C69: =SUM(IF(ISNUMBER( SEARCH("g",B69)), LEFT(B69, LEN(B69)-1)*1, "")*1.25)&"g" -> 1.25g | D69: =SUM(IF(ISNUMBER( SEARCH("g",B69)), LEFT(B69, LEN(B69)-1)*1, "")*1.5)&"g" -> 1.5g
A70: Sugar | B70: 27g | C70: =SUM(IF(ISNUMBER( SEARCH("g",B70)), LEFT(B70, LEN(B70)-1)*1, "")*1.25)&"g" -> 33.75g | D70: =SUM(IF(ISNUMBER( SEARCH("g",B70)), LEFT(B70, LEN(B70)-1)*1, "")*1.5)&"g" -> 40.5g
A71: Added Sugar | B71: 16g | C71: =SUM(IF(ISNUMBER( SEARCH("g",B71)), LEFT(B71, LEN(B71)-1)*1, "")*1.25)&"g" -> 20g | D71: =SUM(IF(ISNUMBER( SEARCH("g",B71)), LEFT(B71, LEN(B71)-1)*1, "")*1.5)&"g" -> 24g
A72: Protein | B72: 8g | C72: =SUM(IF(ISNUMBER( SEARCH("g",B72)), LEFT(B72, LEN(B72)-1)*1, "")*1.25)&"g" -> 10g | D72: =SUM(IF(ISNUMBER( SEARCH("g",B72)), LEFT(B72, LEN(B72)-1)*1, "")*1.5)&"g" -> 12g
A73: Whole Milk
A74: Serving Size | B74: 1/2 Cup | C74: 3/4 Cup | D74: 1 Cup (1 serving) | E74: 1 1/2 Cups | F74: 2 Cups
A75: Calories | B75: =D75/2 -> 80 | C75: =B75*1.5 -> 120 | D75: 160 | E75: =(D75*1.5) -> 240 | F75: =(D75*2) -> 320
A76: Fat | B76: =SUM(IF(ISNUMBER( SEARCH("g",D76)), LEFT(D76, LEN(D76)-1)*1, "")*0.5)&"g" -> 4g | C76: =SUM(IF(ISNUMBER( SEARCH("g",D76)), LEFT(D76, LEN(D76)-1)*1, "")*0.75)&"g" -> 6g | D76: 8g | E76: =SUM(IF(ISNUMBER( SEARCH("g",C76)), LEFT(C76, LEN(C76)-1)*1, "")*1.5)&"g" -> 9g | F76: =SUM(IF(ISNUMBER( SEARCH("g",D76)), LEFT(D76, LEN(D76)-1)*1, "")*2)&"g" -> 16g
A77: Saturated Fat | B77: =SUM(IF(ISNUMBER( SEARCH("g",D77)), LEFT(D77, LEN(D77)-1)*1, "")*0.5)&"g" -> 2.5g | C77: =SUM(IF(ISNUMBER( SEARCH("g",D77)), LEFT(D77, LEN(D77)-1)*1, "")*0.75)&"g" -> 3.75g | D77: 5g | E77: =ROUNDUP(SUM(IF(ISNUMBER( SEARCH("g",C77)), LEFT(C77, LEN(C77)-1)*1, "")*1.5),2)&"g" -> 5.63g | F77: =SUM(IF(ISNUMBER( SEARCH("g",D77)), LEFT(D77, LEN(D77)-1)*1, "")*2)&"g" -> 10g
A78: Cholesterol | B78: =SUM(IF(ISNUMBER(SEARCH("mg",D78)),LEFT(D78,LEN(D78)-2)*1,"")*0.5)&"mg" -> 17.5mg | C78: =SUM(IF(ISNUMBER( SEARCH("mg",D78)), LEFT(D78, LEN(D78)-2)*1, "")*0.75)&"mg" -> 26.25mg | D78: 35mg | E78: =ROUNDUP(SUM(IF(ISNUMBER( SEARCH("mg",C78)), LEFT(C78, LEN(C78)-2)*1, "")*1.5),2)&"mg" -> 39.38mg | F78: =SUM(IF(ISNUMBER( SEARCH("mg",D78)), LEFT(D78, LEN(D78)-2)*1, "")*2)&"mg" -> 70mg
A79: Sodium | B79: =SUM(IF(ISNUMBER( SEARCH("mg",D79)), LEFT(D79, LEN(D79)-2)*1, "")*0.5)&"mg" -> 65mg | C79: =SUM(IF(ISNUMBER( SEARCH("mg",D79)), LEFT(D79, LEN(D79)-2)*1, "")*0.75)&"mg" -> 97.5mg | D79: 130mg | E79: =SUM(IF(ISNUMBER( SEARCH("mg",C79)), LEFT(C79, LEN(C79)-2)*1, "")*1.5)&"mg" -> 146.25mg | F79: =SUM(IF(ISNUMBER( SEARCH("mg",D79)), LEFT(D79, LEN(D79)-2)*1, "")*2)&"mg" -> 260mg
A80: Carbohydrates | B80: =SUM(IF(ISNUMBER( SEARCH("g",D80)), LEFT(D80, LEN(D80)-1)*1, "")*0.5)&"g" -> 6.5g | C80: =SUM(IF(ISNUMBER( SEARCH("g",D80)), LEFT(D80, LEN(D80)-1)*1, "")*0.75)&"g" -> 9.75g | D80: 13g | E80: =ROUNDUP(SUM(IF(ISNUMBER( SEARCH("g",C80)), LEFT(C80, LEN(C80)-1)*1, "")*1.5),2)&"g" -> 14.63g | F80: =SUM(IF(ISNUMBER( SEARCH("g",D80)), LEFT(D80, LEN(D80)-1)*1, "")*2)&"g" -> 26g
A81: Fiber | B81: =SUM(IF(ISNUMBER( SEARCH("g",D81)), LEFT(D81, LEN(D81)-1)*1, "")*0.5)&"g" -> 0g | C81: =SUM(IF(ISNUMBER( SEARCH("g",D81)), LEFT(D81, LEN(D81)-1)*1, "")*0.75)&"g" -> 0g | D81: 0g | E81: =SUM(IF(ISNUMBER( SEARCH("g",C81)), LEFT(C81, LEN(C81)-1)*1, "")*1.5)&"g" -> 0g | F81: =SUM(IF(ISNUMBER( SEARCH("g",D81)), LEFT(D81, LEN(D81)-1)*1, "")*2)&"g" -> 0g
A82: Sugar | B82: =SUM(IF(ISNUMBER( SEARCH("g",D82)), LEFT(D82, LEN(D82)-1)*1, "")*0.5)&"g" -> 6g | C82: =SUM(IF(ISNUMBER( SEARCH("g",D82)), LEFT(D82, LEN(D82)-1)*1, "")*0.75)&"g" -> 9g | D82: 12g | E82: =SUM(IF(ISNUMBER( SEARCH("g",C82)), LEFT(C82, LEN(C82)-1)*1, "")*1.5)&"g" -> 13.5g | F82: =SUM(IF(ISNUMBER( SEARCH("g",D82)), LEFT(D82, LEN(D82)-1)*1, "")*2)&"g" -> 24g
A83: Added Sugar | B83: =SUM(IF(ISNUMBER( SEARCH("g",D83)), LEFT(D83, LEN(D83)-1)*1, "")*0.5)&"g" -> 0g | C83: =SUM(IF(ISNUMBER( SEARCH("g",D83)), LEFT(D83, LEN(D83)-1)*1, "")*0.75)&"g" -> 0g | D83: 0g | E83: =SUM(IF(ISNUMBER( SEARCH("g",C83)), LEFT(C83, LEN(C83)-1)*1, "")*1.5)&"g" -> 0g | F83: =SUM(IF(ISNUMBER( SEARCH("g",D83)), LEFT(D83, LEN(D83)-1)*1, "")*2)&"g" -> 0g
A84: Protein | B84: =SUM(IF(ISNUMBER( SEARCH("g",D84)), LEFT(D84, LEN(D84)-1)*1, "")*0.5)&"g" -> 4.5g | C84: =SUM(IF(ISNUMBER( SEARCH("g",D84)), LEFT(D84, LEN(D84)-1)*1, "")*0.75)&"g" -> 6.75g | D84: 9g | E84: =ROUNDUP(SUM(IF(ISNUMBER( SEARCH("g",C84)), LEFT(C84, LEN(C84)-1)*1, "")*1.5),2)&"g" -> 10.13g | F84: =SUM(IF(ISNUMBER( SEARCH("g",D84)), LEFT(D84, LEN(D84)-1)*1, "")*2)&"g" -> 18g

Sheet Carbohydrates
A1: Franz Whole Wheat Bread
A2: Serving Size | B2: 1 slice | C2: 2 slices | D2: 3 slices | E2: 4 slices
A3: Calories | B3: 80 | C3: =(B3*2) -> 160 | D3: =B3*3 -> 240 | E3: =(B3*4) -> 320
A4: Fat | B4: 1g | C4: =SUM(IF(ISNUMBER( SEARCH("g",B4)), LEFT(B4, LEN(B4)-1)*1, "")*2)&"g" -> 2g | D4: =SUM(IF(ISNUMBER( SEARCH("g",B4)), LEFT(B4, LEN(B4)-1)*1, "")*3)&"g" -> 3g | E4: =SUM(IF(ISNUMBER( SEARCH("g",B4)), LEFT(B4, LEN(B4)-1)*1, "")*4)&"g" -> 4g
A5: Saturated Fat | B5: 0g | C5: =SUM(IF(ISNUMBER( SEARCH("g",B5)), LEFT(B5, LEN(B5)-1)*1, "")*2)&"g" -> 0g | D5: =SUM(IF(ISNUMBER( SEARCH("g",B5)), LEFT(B5, LEN(B5)-1)*1, "")*3)&"g" -> 0g | E5: =SUM(IF(ISNUMBER( SEARCH("g",B5)), LEFT(B5, LEN(B5)-1)*1, "")*4)&"g" -> 0g
A6: Cholesterol | B6: 0mg | C6: =SUM(IF(ISNUMBER( SEARCH("mg",B6)), LEFT(B6, LEN(B6)-2)*1, "")*2)&"mg" -> 0mg | D6: =SUM(IF(ISNUMBER( SEARCH("mg",C6)), LEFT(C6, LEN(C6)-2)*1, "")+(SUM(IF(ISNUMBER( SEARCH("mg",B6)), LEFT(B6, LEN(B6)-2)*1, ""))))&"mg" -> 0mg | E6: =SUM(IF(ISNUMBER( SEARCH("mg",B6)), LEFT(B6, LEN(B6)-2)*1, "")*4)&"mg" -> 0mg
A7: Sodium | B7: 150mg | C7: =SUM(IF(ISNUMBER( SEARCH("mg",B7)), LEFT(B7, LEN(B7)-2)*1, "")*2)&"mg" -> 300mg | D7: =SUM(IF(ISNUMBER( SEARCH("mg",B7)), LEFT(B7, LEN(B7)-2)*1, "")*3)&"mg" -> 450mg | E7: =SUM(IF(ISNUMBER( SEARCH("mg",B7)), LEFT(B7, LEN(B7)-2)*1, "")*4)&"mg" -> 600mg
A8: Carbohydrates | B8: 15g | C8: =SUM(IF(ISNUMBER( SEARCH("g",B8)), LEFT(B8, LEN(B8)-1)*1, "")*2)&"g" -> 30g | D8: =SUM(IF(ISNUMBER( SEARCH("g",B8)), LEFT(B8, LEN(B8)-1)*1, "")*3)&"g" -> 45g | E8: =SUM(IF(ISNUMBER( SEARCH("g",B8)), LEFT(B8, LEN(B8)-1)*1, "")*4)&"g" -> 60g
A9: Fiber | B9: 2g | C9: =SUM(IF(ISNUMBER( SEARCH("g",B9)), LEFT(B9, LEN(B9)-1)*1, "")*2)&"g" -> 4g | D9: =SUM(IF(ISNUMBER( SEARCH("g",B9)), LEFT(B9, LEN(B9)-1)*1, "")*3)&"g" -> 6g | E9: =SUM(IF(ISNUMBER( SEARCH("g",B9)), LEFT(B9, LEN(B9)-1)*1, "")*4)&"g" -> 8g
A10: Sugar | B10: 1g | C10: =SUM(IF(ISNUMBER( SEARCH("g",B10)), LEFT(B10, LEN(B10)-1)*1, "")*2)&"g" -> 2g | D10: =SUM(IF(ISNUMBER( SEARCH("g",B10)), LEFT(B10, LEN(B10)-1)*1, "")*3)&"g" -> 3g | E10: =SUM(IF(ISNUMBER( SEARCH("g",B10)), LEFT(B10, LEN(B10)-1)*1, "")*4)&"g" -> 4g
A11: Added Sugar | B11: 1g | C11: =SUM(IF(ISNUMBER( SEARCH("g",B11)), LEFT(B11, LEN(B11)-1)*1, "")*2)&"g" -> 2g | D11: =SUM(IF(ISNUMBER( SEARCH("g",B11)), LEFT(B11, LEN(B11)-1)*1, "")*3)&"g" -> 3g | E11: =SUM(IF(ISNUMBER( SEARCH("g",B11)), LEFT(B11, LEN(B11)-1)*1, "")*4)&"g" -> 4g
A12: Protein | B12: 4g | C12: =SUM(IF(ISNUMBER( SEARCH("g",B12)), LEFT(B12, LEN(B12)-1)*1, "")*2)&"g" -> 8g | D12: =SUM(IF(ISNUMBER( SEARCH("g",B12)), LEFT(B12, LEN(B12)-1)*1, "")*3)&"g" -> 12g | E12: =SUM(IF(ISNUMBER( SEARCH("g",B12)), LEFT(B12, LEN(B12)-1)*1, "")*4)&"g" -> 16g
A13: Franz Cinnamon Raisin Bagels
A14: Serving Size | B14: 1/2 bagel | C14: 1 bagel
A15: Calories | B15: 115 | C15: =(B15*2) -> 230
A16: Fat | B16: 1g | C16: =SUM(IF(ISNUMBER( SEARCH("g",B16)), LEFT(B16, LEN(B16)-1)*1, "")*2)&"g" -> 2g
A17: Saturated Fat | B17: 0g | C17: =SUM(IF(ISNUMBER( SEARCH("g",B17)), LEFT(B17, LEN(B17)-1)*1, "")*2)&"g" -> 0g
A18: Cholesterol | B18: 0mg | C18: =SUM(IF(ISNUMBER( SEARCH("mg",B18)), LEFT(B18, LEN(B18)-2)*1, "")*2)&"mg" -> 0mg
A19: Sodium | B19: 160mg | C19: =SUM(IF(ISNUMBER( SEARCH("mg",B19)), LEFT(B19, LEN(B19)-2)*1, "")*2)&"mg" -> 320mg
A20: Carbohydrates | B20: 23g | C20: =SUM(IF(ISNUMBER( SEARCH("g",B20)), LEFT(B20, LEN(B20)-1)*1, "")*2)&"g" -> 46g
A21: Fiber | B21: 1g | C21: =SUM(IF(ISNUMBER( SEARCH("g",B21)), LEFT(B21, LEN(B21)-1)*1, "")*2)&"g" -> 2g
A22: Sugar | B22: 5g | C22: =SUM(IF(ISNUMBER( SEARCH("g",B22)), LEFT(B22, LEN(B22)-1)*1, "")*2)&"g" -> 10g
A23: Added Sugar | B23: 3g | C23: =SUM(IF(ISNUMBER( SEARCH("g",B23)), LEFT(B23, LEN(B23)-1)*1, "")*2)&"g" -> 6g
A24: Protein | B24: 3.5g | C24: =SUM(IF(ISNUMBER( SEARCH("g",B24)), LEFT(B24, LEN(B24)-1)*1, "")*2)&"g" -> 7g
A25: French Toast
A26: Serving Size | B26: 3 Slices | C26: 6 Slices | D26: 12 Slices
A27: Calories | B27: =D27*0.25 -> 320 | C27: =ROUNDUP(SUM(D27/2),2) -> 640 | D27: 1280
A28: Fat | B28: =ROUNDUP(SUM(IF(ISNUMBER( SEARCH("g",D28)), LEFT(D28, LEN(D28)-1)*1, "")*0.25),2)&"g" -> 7g | C28: =ROUNDUP(SUM(IF(ISNUMBER( SEARCH("g",D28)), LEFT(D28, LEN(D28)-1)*1, "")*0.5),2)&"g" -> 14g | D28: 28g
A29: Saturated Fat | B29: =ROUNDUP(SUM(IF(ISNUMBER( SEARCH("g",D29)), LEFT(D29, LEN(D29)-1)*1, "")*0.25),2)&"g" -> 2.5g | C29: =ROUNDUP(SUM(IF(ISNUMBER( SEARCH("g",D29)), LEFT(D29, LEN(D29)-1)*1, "")*0.5),2)&"g" -> 5g | D29: 10g
A30: Cholesterol | B30: =ROUNDUP(SUM(IF(ISNUMBER( SEARCH("mg",D30)), LEFT(D30, LEN(D30)-2)*1, "")*0.25),2)&"mg" -> 17.5mg | C30: =ROUNDUP(SUM(IF(ISNUMBER( SEARCH("mg",D30)), LEFT(D30, LEN(D30)-2)*1, "")*0.5),2)&"mg" -> 35mg | D30: 70mg
A31: Sodium | B31: =ROUNDUP(SUM(IF(ISNUMBER( SEARCH("mg",D31)), LEFT(D31, LEN(D31)-2)*1, "")*0.25),2)&"mg" -> 516mg | C31: =ROUNDUP(SUM(IF(ISNUMBER( SEARCH("mg",D31)), LEFT(D31, LEN(D31)-2)*1, "")*0.5),2)&"mg" -> 1032mg | D31: 2,064mg
A32: Carbohydrates | B32: =ROUNDUP(SUM(IF(ISNUMBER( SEARCH("g",D32)), LEFT(D32, LEN(D32)-1)*1, "")*0.25),2)&"g" -> 51.5g | C32: =ROUNDUP(SUM(IF(ISNUMBER( SEARCH("g",D32)), LEFT(D32, LEN(D32)-1)*1, "")*0.5),2)&"g" -> 103g | D32: 206g
A33: Fiber | B33: =ROUNDUP(SUM(IF(ISNUMBER( SEARCH("g",D33)), LEFT(D33, LEN(D33)-1)*1, "")*0.25),2)&"g" -> 6g | C33: =ROUNDUP(SUM(IF(ISNUMBER( SEARCH("g",D33)), LEFT(D33, LEN(D33)-1)*1, "")*0.5),2)&"g" -> 12g | D33: 24g
A34: Sugars | B34: =ROUNDUP(SUM(IF(ISNUMBER( SEARCH("g",D34)), LEFT(D34, LEN(D34)-1)*1, "")*0.25),2)&"g" -> 9g | C34: =ROUNDUP(SUM(IF(ISNUMBER( SEARCH("g",D34)), LEFT(D34, LEN(D34)-1)*1, "")*0.5),2)&"g" -> 18g | D34: 36g
A35: Added Sugar | B35: =ROUNDUP(SUM(IF(ISNUMBER( SEARCH("g",D35)), LEFT(D35, LEN(D35)-1)*1, "")*0.25),2)&"g" -> 3g | C35: =ROUNDUP(SUM(IF(ISNUMBER( SEARCH("g",D35)), LEFT(D35, LEN(D35)-1)*1, "")*0.5),2)&"g" -> 6g | D35: 12g
A36: Protein | B36: =ROUNDUP(SUM(IF(ISNUMBER( SEARCH("g",D36)), LEFT(D36, LEN(D36)-1)*1, "")*0.25),2)&"g" -> 16.5g | C36: =ROUNDUP(SUM(IF(ISNUMBER( SEARCH("g",D36)), LEFT(D36, LEN(D36)-1)*1, "")*0.5),2)&"g" -> 33g | D36: 66g
A37: Franz Hot Dog Buns
A38: Serving Size | B38: 1 Bun | C38: 2 bun | D38: 3 buns
A39: Calories | B39: 120 | C39: =(B39*2) -> 240 | D39: =(B39*3) -> 360
A40: Fat | B40: 1.5g | C40: =SUM(IF(ISNUMBER( SEARCH("g",B40)), LEFT(B40, LEN(B40)-1)*1, "")*2)&"g" -> 3g | D40: =SUM(IF(ISNUMBER( SEARCH("g",B40)), LEFT(B40, LEN(B40)-1)*1, "")*3)&"g" -> 4.5g
A41: Saturated Fat | B41: 0g | C41: =SUM(IF(ISNUMBER( SEARCH("g",B41)), LEFT(B41, LEN(B41)-1)*1, "")*2)&"g" -> 0g | D41: =SUM(IF(ISNUMBER( SEARCH("g",B41)), LEFT(B41, LEN(B41)-1)*1, "")*3)&"g" -> 0g
A42: Cholesterol | B42: 0mg | C42: =SUM(IF(ISNUMBER( SEARCH("g",B42)), LEFT(B42, LEN(B42)-2)*1, "")*2)&"mg" -> 0mg | D42: =SUM(IF(ISNUMBER( SEARCH("mg",B42)), LEFT(B42, LEN(B42)-2)*1, "")*3)&"mg" -> 0mg
A43: Sodium | B43: 210mg | C43: =SUM(IF(ISNUMBER( SEARCH("g",B43)), LEFT(B43, LEN(B43)-2)*1, "")*2)&"mg" -> 420mg | D43: =SUM(IF(ISNUMBER( SEARCH("mg",B43)), LEFT(B43, LEN(B43)-2)*1, "")*3)&"mg" -> 630mg
A44: Carbohydrates | B44: 23g | C44: =SUM(IF(ISNUMBER( SEARCH("g",B44)), LEFT(B44, LEN(B44)-1)*1, "")*2)&"g" -> 46g | D44: =SUM(IF(ISNUMBER( SEARCH("g",B44)), LEFT(B44, LEN(B44)-1)*1, "")*3)&"g" -> 69g
A45: Fiber | B45: 1g | C45: =SUM(IF(ISNUMBER( SEARCH("g",B45)), LEFT(B45, LEN(B45)-1)*1, "")*2)&"g" -> 2g | D45: =SUM(IF(ISNUMBER( SEARCH("g",B45)), LEFT(B45, LEN(B45)-1)*1, "")*3)&"g" -> 3g
A46: Sugars | B46: 3g | C46: =SUM(IF(ISNUMBER( SEARCH("g",B46)), LEFT(B46, LEN(B46)-1)*1, "")*2)&"g" -> 6g | D46: =SUM(IF(ISNUMBER( SEARCH("g",B46)), LEFT(B46, LEN(B46)-1)*1, "")*3)&"g" -> 9g
A47: Added Sugar | B47: 3g | C47: =SUM(IF(ISNUMBER( SEARCH("g",B47)), LEFT(B47, LEN(B47)-1)*1, "")*2)&"g" -> 6g | D47: =SUM(IF(ISNUMBER( SEARCH("g",B47)), LEFT(B47, LEN(B47)-1)*1, "")*3)&"g" -> 9g
A48: Protein | B48: 4g | C48: =SUM(IF(ISNUMBER( SEARCH("g",B48)), LEFT(B48, LEN(B48)-1)*1, "")*2)&"g" -> 8g | D48: =SUM(IF(ISNUMBER( SEARCH("g",B48)), LEFT(B48, LEN(B48)-1)*1, "")*3)&"g" -> 12g
A49: Franz English Muffins
A50: Serving Size | B50: 1/2 muffin (30g) | C50: 1 muffin (61g)
A51: Calories | B51: 65 | C51: =(B51*2) -> 130
A52: Fat | B52: 0g | C52: =SUM(IF(ISNUMBER( SEARCH("g",B52)), LEFT(B52, LEN(B52)-1)*1, "")*2)&"g" -> 0g
A53: Saturated Fat | B53: 0g | C53: =SUM(IF(ISNUMBER( SEARCH("g",B53)), LEFT(B53, LEN(B53)-1)*1, "")*2)&"g" -> 0g
A54: Cholesterol | B54: 0mg | C54: =SUM(IF(ISNUMBER( SEARCH("g",B54)), LEFT(B54, LEN(B54)-2)*1, "")*2)&"mg" -> 0mg
A55: Sodium | B55: 125mg | C55: =SUM(IF(ISNUMBER( SEARCH("g",B55)), LEFT(B55, LEN(B55)-2)*1, "")*2)&"mg" -> 250mg
A56: Carbohydrates | B56: 15g | C56: =SUM(IF(ISNUMBER( SEARCH("g",B56)), LEFT(B56, LEN(B56)-1)*1, "")*2)&"g" -> 30g
A57: Fiber | B57: 1g | C57: =SUM(IF(ISNUMBER( SEARCH("g",B57)), LEFT(B57, LEN(B57)-1)*1, "")*2)&"g" -> 2g
A58: Sugars | B58: 1g | C58: =SUM(IF(ISNUMBER( SEARCH("g",B58)), LEFT(B58, LEN(B58)-1)*1, "")*2)&"g" -> 2g
A59: Added Sugar | B59: 1g | C59: =SUM(IF(ISNUMBER( SEARCH("g",B59)), LEFT(B59, LEN(B59)-1)*1, "")*2)&"g" -> 2g
A60: Protein | B60: 2g | C60: =SUM(IF(ISNUMBER( SEARCH("g",B60)), LEFT(B60, LEN(B60)-1)*1, "")*2)&"g" -> 4g
A61: Uncle Ben's Whole Grain Brown Rice
A62: Serving Size | B62: 1/4 cup dry(1 cup cooked) (48g)
A63: Calories | B63: 180
A64: Fat | B64: 1.5g
A65: Saturated Fat | B65: 0g
A66: Cholesterol | B66: 0mg
A67: Sodium | B67: 0mg
A68: Carbohydrates | B68: 36g
A69: Fiber | B69: 2g
A70: Sugars | B70: 0g
A71: Added Sugar | B71: 0g
A72: Protein | B72: 4g
A73: Potato
A74: Serving Size | B74: 1 medium potato
A75: Calories | B75: 110
A76: Fat | B76: 0g
A77: Saturated Fat | B77: 0g
A78: Cholesterol | B78: 0mg
A79: Sodium | B79: 0mg
A80: Carbohydrates | B80: 26g
A81: Fiber | B81: 2g
A82: Sugars | B82: 1g
A83: Added Sugar | B83: 0g
A84: Protein | B84: 3g
A85: Funfetti Pancakes
A86: Serving Size | B86: 1 pancakes | C86: 2 Pancakes | D86: 3 Pancakes
A87: Calories | B87: 190 | C87: =(B87*2) -> 380 | D87: =(B87*3) -> 570
A88: Fat | B88: 1.5g | C88: =SUM(IF(ISNUMBER( SEARCH("g",B88)), LEFT(B88, LEN(B88)-1)*1, "")*2)&"g" -> 3g | D88: =SUM(IF(ISNUMBER( SEARCH("g",B88)), LEFT(B88, LEN(B88)-1)*1, "")*3)&"g" -> 4.5g
A89: Saturated Fat | B89: 0g | C89: =SUM(IF(ISNUMBER( SEARCH("g",B89)), LEFT(B89, LEN(B89)-1)*1, "")*2)&"g" -> 0g | D89: =SUM(IF(ISNUMBER( SEARCH("g",B89)), LEFT(B89, LEN(B89)-1)*1, "")*3)&"g" -> 0g
A90: Cholesterol | B90: 0mg | C90: =SUM(IF(ISNUMBER( SEARCH("g",B90)), LEFT(B90, LEN(B90)-2)*1, "")*2)&"mg" -> 0mg | D90: =SUM(IF(ISNUMBER( SEARCH("mg",B90)), LEFT(B90, LEN(B90)-2)*1, "")*3)&"mg" -> 0mg
A91: Sodium | B91: 440mg | C91: =SUM(IF(ISNUMBER( SEARCH("g",B91)), LEFT(B91, LEN(B91)-2)*1, "")*2)&"mg" -> 880mg | D91: =SUM(IF(ISNUMBER( SEARCH("mg",B91)), LEFT(B91, LEN(B91)-2)*1, "")*3)&"mg" -> 1320mg
A92: Carbohydrates | B92: 40g | C92: =SUM(IF(ISNUMBER( SEARCH("g",B92)), LEFT(B92, LEN(B92)-1)*1, "")*2)&"g" -> 80g | D92: =SUM(IF(ISNUMBER( SEARCH("g",B92)), LEFT(B92, LEN(B92)-1)*1, "")*3)&"g" -> 120g
A93: Fiber | B93: 1g | C93: =SUM(IF(ISNUMBER( SEARCH("g",B93)), LEFT(B93, LEN(B93)-1)*1, "")*2)&"g" -> 2g | D93: =SUM(IF(ISNUMBER( SEARCH("g",B93)), LEFT(B93, LEN(B93)-1)*1, "")*3)&"g" -> 3g
A94: Sugars | B94: 12g | C94: =SUM(IF(ISNUMBER( SEARCH("g",B94)), LEFT(B94, LEN(B94)-1)*1, "")*2)&"g" -> 24g | D94: =SUM(IF(ISNUMBER( SEARCH("g",B94)), LEFT(B94, LEN(B94)-1)*1, "")*3)&"g" -> 36g
A95: Added Sugar | B95: 7g | C95: =SUM(IF(ISNUMBER( SEARCH("g",B95)), LEFT(B95, LEN(B95)-1)*1, "")*2)&"g" -> 14g | D95: =SUM(IF(ISNUMBER( SEARCH("g",B95)), LEFT(B95, LEN(B95)-1)*1, "")*3)&"g" -> 21g
A96: Protein | B96: 5g | C96: =SUM(IF(ISNUMBER( SEARCH("g",B96)), LEFT(B96, LEN(B96)-1)*1, "")*2)&"g" -> 10g | D96: =SUM(IF(ISNUMBER( SEARCH("g",B96)), LEFT(B96, LEN(B96)-1)*1, "")*3)&"g" -> 15g
A97: Kraft Deluxe Mac and Cheese
A98: Serving Size | B98: 1/4 box (1 Serving) | C98: 1/2 box | D98: 1 box
A99: Calories | B99: 310 | C99: =B99*2 -> 620 | D99: =B99*4 -> 1240
A100: Fat | B100: 11g | C100: =SUM(IF(ISNUMBER( SEARCH("g",B100)), LEFT(B100, LEN(B100)-1)*1, "")*2)&"g" -> 22g | D100: =SUM(IF(ISNUMBER( SEARCH("g",B100)), LEFT(B100, LEN(B100)-1)*1, "")*4)&"g" -> 44g
...

Sheet BAD
A1: Taco Bell Sausage Breakfast Crunchwrap
A2: Serving Size | B2: 1 Crunchwrap
A3: Calories | B3: 670
A4: Fat | B4: 41g
A5: Saturated Fat | B5: 12g
A6: Cholesterol | B6: 140mg
A7: Sodium | B7: 1,270mg
A8: Carbohydrates | B8: 50g
A9: Fiber | B9: 4g
A10: Sugar | B10: 3g
A11: Added Sugar | B11: 0g
A12: Protein | B12: 21g
A13: Taco Bell Chicken Chalupa
A14: Serving Size | B14: 1 Chalupa
A15: Calories | B15: 371 | C15: =B15*2 -> 742
A16: Fat | B16: 15g | C16: =SUM(IF(ISNUMBER( SEARCH("g",B16)), LEFT(B16, LEN(B16)-1)*1, "")*2)&"g" -> 30g
A17: Saturated Fat | B17: 3.5g | C17: =SUM(IF(ISNUMBER( SEARCH("g",B17)), LEFT(B17, LEN(B17)-1)*1, "")*2)&"g" -> 7g
A18: Cholesterol | B18: 35mg | C18: =SUM(IF(ISNUMBER( SEARCH("mg",B18)), LEFT(B18, LEN(B18)-2)*1, "")+(SUM(IF(ISNUMBER( SEARCH("mg",B18)), LEFT(B18, LEN(B18)-2)*1, ""))))&"mg" -> 70mg
A19: Sodium | B19: 570mg | C19: =SUM(IF(ISNUMBER( SEARCH("mg",B19)), LEFT(B19, LEN(B19)-2)*1, "")+(SUM(IF(ISNUMBER( SEARCH("mg",B19)), LEFT(B19, LEN(B19)-2)*1, ""))))&"mg" -> 1140mg
A20: Carbohydrates | B20: 31g | C20: =SUM(IF(ISNUMBER( SEARCH("g",B20)), LEFT(B20, LEN(B20)-1)*1, "")*2)&"g" -> 62g
A21: Fiber | B21: 2g | C21: =SUM(IF(ISNUMBER( SEARCH("g",B21)), LEFT(B21, LEN(B21)-1)*1, "")*2)&"g" -> 4g
A22: Sugar | B22: 3g | C22: =SUM(IF(ISNUMBER( SEARCH("g",B22)), LEFT(B22, LEN(B22)-1)*1, "")*2)&"g" -> 6g
A23: Added Sugar | B23: 0g | C23: =SUM(IF(ISNUMBER( SEARCH("g",B23)), LEFT(B23, LEN(B23)-1)*1, "")*2)&"g" -> 0g
A24: Protein | B24: 16g | C24: =SUM(IF(ISNUMBER( SEARCH("g",B24)), LEFT(B24, LEN(B24)-1)*1, "")*2)&"g" -> 32g
A25: Taco Bell Beefy 5-Layer Burrito
A26: Serving Size | B26: 1 Burrito | C26: 2 Burritos
A27: Calories | B27: 490 | C27: =(B27*2) -> 980
A28: Fat | B28: 18g | C28: =SUM(IF(ISNUMBER( SEARCH("g",B28)), LEFT(B28, LEN(B28)-1)*1, "")*2)&"g" -> 36g
A29: Saturated Fat | B29: 7g | C29: =SUM(IF(ISNUMBER( SEARCH("g",B29)), LEFT(B29, LEN(B29)-1)*1, "")*2)&"g" -> 14g
A30: Cholesterol | B30: 30mg | C30: =SUM(IF(ISNUMBER( SEARCH("mg",B30)), LEFT(B30, LEN(B30)-2)*1, "")+(SUM(IF(ISNUMBER( SEARCH("mg",B30)), LEFT(B30, LEN(B30)-2)*1, ""))))&"mg" -> 60mg
A31: Sodium | B31: 1,250mg | C31: =SUM(IF(ISNUMBER( SEARCH("mg",B31)), LEFT(B31, LEN(B31)-2)*1, "")+(SUM(IF(ISNUMBER( SEARCH("mg",B31)), LEFT(B31, LEN(B31)-2)*1, ""))))&"mg" -> 2500mg
A32: Carbohydrates | B32: 63g | C32: =SUM(IF(ISNUMBER( SEARCH("g",B32)), LEFT(B32, LEN(B32)-1)*1, "")*2)&"g" -> 126g
A33: Fiber | B33: 9g | C33: =SUM(IF(ISNUMBER( SEARCH("g",B33)), LEFT(B33, LEN(B33)-1)*1, "")*2)&"g" -> 18g
A34: Sugar | B34: 5g | C34: =SUM(IF(ISNUMBER( SEARCH("g",B34)), LEFT(B34, LEN(B34)-1)*1, "")*2)&"g" -> 10g
A35: Added Sugar | B35: 0g | C35: =SUM(IF(ISNUMBER( SEARCH("g",B35)), LEFT(B35, LEN(B35)-1)*1, "")*2)&"g" -> 0g
A36: Protein | B36: 18g | C36: =SUM(IF(ISNUMBER( SEARCH("g",B36)), LEFT(B36, LEN(B36)-1)*1, "")*2)&"g" -> 36g
A37: Taco Bell Burrito Supreme
A38: Serving Size | B38: 1 Burrito | C38: 2 Burritos
A39: Calories | B39: 390 | C39: =(B39*2) -> 780
A40: Fat | B40: 14g | C40: =SUM(IF(ISNUMBER( SEARCH("g",B40)), LEFT(B40, LEN(B40)-1)*1, "")*2)&"g" -> 28g
A41: Saturated Fat | B41: 6g | C41: =SUM(IF(ISNUMBER( SEARCH("g",B41)), LEFT(B41, LEN(B41)-1)*1, "")*2)&"g" -> 12g
A42: Cholesterol | B42: 25mg | C42: =SUM(IF(ISNUMBER( SEARCH("mg",B42)), LEFT(B42, LEN(B42)-2)*1, "")+(SUM(IF(ISNUMBER( SEARCH("mg",B42)), LEFT(B42, LEN(B42)-2)*1, ""))))&"mg" -> 50mg
A43: Sodium | B43: 1,110mg | C43: =SUM(IF(ISNUMBER( SEARCH("mg",B43)), LEFT(B43, LEN(B43)-2)*1, "")+(SUM(IF(ISNUMBER( SEARCH("mg",B43)), LEFT(B43, LEN(B43)-2)*1, ""))))&"mg" -> 2220mg
A44: Carbohydrates | B44: 51g | C44: =SUM(IF(ISNUMBER( SEARCH("g",B44)), LEFT(B44, LEN(B44)-1)*1, "")*2)&"g" -> 102g
A45: Fiber | B45: 9g | C45: =SUM(IF(ISNUMBER( SEARCH("g",B45)), LEFT(B45, LEN(B45)-1)*1, "")*2)&"g" -> 18g
A46: Sugar | B46: 4g | C46: =SUM(IF(ISNUMBER( SEARCH("g",B46)), LEFT(B46, LEN(B46)-1)*1, "")*2)&"g" -> 8g
A47: Added Sugar | B47: 0g | C47: =SUM(IF(ISNUMBER( SEARCH("g",B47)), LEFT(B47, LEN(B47)-1)*1, "")*2)&"g" -> 0g
A48: Protein | B48: 16g | C48: =SUM(IF(ISNUMBER( SEARCH("g",B48)), LEFT(B48, LEN(B48)-1)*1, "")*2)&"g" -> 32g
A49: Taco Bell 7-Layer Burrito
A50: Serving Size | B50: 1 Burrito | C50: 2 Burritos
A51: Calories | B51: 420 | C51: =(B51*2) -> 840
A52: Fat | B52: 15g | C52: =SUM(IF(ISNUMBER( SEARCH("g",B52)), LEFT(B52, LEN(B52)-1)*1, "")*2)&"g" -> 30g
A53: Saturated Fat | B53: 5g | C53: =SUM(IF(ISNUMBER( SEARCH("g",B53)), LEFT(B53, LEN(B53)-1)*1, "")*2)&"g" -> 10g
A54: Cholesterol | B54: 15mg | C54: =SUM(IF(ISNUMBER( SEARCH("mg",B54)), LEFT(B54, LEN(B54)-2)*1, "")+(SUM(IF(ISNUMBER( SEARCH("mg",B54)), LEFT(B54, LEN(B54)-2)*1, ""))))&"mg" -> 30mg
A55: Sodium | B55: 960mg | C55: =SUM(IF(ISNUMBER( SEARCH("mg",B55)), LEFT(B55, LEN(B55)-2)*1, "")+(SUM(IF(ISNUMBER( SEARCH("mg",B55)), LEFT(B55, LEN(B55)-2)*1, ""))))&"mg" -> 1920mg
A56: Carbohydrates | B56: 58g | C56: =SUM(IF(ISNUMBER( SEARCH("g",B56)), LEFT(B56, LEN(B56)-1)*1, "")*2)&"g" -> 116g
A57: Fiber | B57: 9g | C57: =SUM(IF(ISNUMBER( SEARCH("g",B57)), LEFT(B57, LEN(B57)-1)*1, "")*2)&"g" -> 18g
A58: Sugar | B58: 4g | C58: =SUM(IF(ISNUMBER( SEARCH("g",B58)), LEFT(B58, LEN(B58)-1)*1, "")*2)&"g" -> 8g
A59: Added Sugar | B59: 0g | C59: =SUM(IF(ISNUMBER( SEARCH("g",B59)), LEFT(B59, LEN(B59)-1)*1, "")*2)&"g" -> 0g
A60: Protein | B60: 13g | C60: =SUM(IF(ISNUMBER( SEARCH("g",B60)), LEFT(B60, LEN(B60)-1)*1, "")*2)&"g" -> 26g
A61: Taco Bell Chalupa Supreme
A62: Serving Size | B62: 1 Chalupa | C62: 2 Chalupas
A63: Calories | B63: 350 | C63: =(B63*2) -> 700
A64: Fat | B64: 18g | C64: =SUM(IF(ISNUMBER( SEARCH("g",B64)), LEFT(B64, LEN(B64)-1)*1, "")*2)&"g" -> 36g
A65: Saturated Fat | B65: 5g | C65: =SUM(IF(ISNUMBER( SEARCH("g",B65)), LEFT(B65, LEN(B65)-1)*1, "")*2)&"g" -> 10g
A66: Cholesterol | B66: 25mg | C66: =SUM(IF(ISNUMBER( SEARCH("mg",B66)), LEFT(B66, LEN(B66)-2)*1, "")+(SUM(IF(ISNUMBER( SEARCH("mg",B66)), LEFT(B66, LEN(B66)-2)*1, ""))))&"mg" -> 50mg
A67: Sodium | B67: 560mg | C67: =SUM(IF(ISNUMBER( SEARCH("mg",B67)), LEFT(B67, LEN(B67)-2)*1, "")+(SUM(IF(ISNUMBER( SEARCH("mg",B67)), LEFT(B67, LEN(B67)-2)*1, ""))))&"mg" -> 1120mg
A68: Carbohydrates | B68: 33g | C68: =SUM(IF(ISNUMBER( SEARCH("g",B68)), LEFT(B68, LEN(B68)-1)*1, "")*2)&"g" -> 66g
A69: Fiber | B69: 4g | C69: =SUM(IF(ISNUMBER( SEARCH("g",B69)), LEFT(B69, LEN(B69)-1)*1, "")*2)&"g" -> 8g
A70: Sugar | B70: 3g | C70: =SUM(IF(ISNUMBER( SEARCH("g",B70)), LEFT(B70, LEN(B70)-1)*1, "")*2)&"g" -> 6g
A71: Added Sugar | B71: 0g | C71: =SUM(IF(ISNUMBER( SEARCH("g",B71)), LEFT(B71, LEN(B71)-1)*1, "")*2)&"g" -> 0g
A72: Protein | B72: 13g | C72: =SUM(IF(ISNUMBER( SEARCH("g",B72)), LEFT(B72, LEN(B72)-1)*1, "")*2)&"g" -> 26g
A73: Taco Bell Crunchwrap Supreme
A74: Serving Size | B74: 1 Crunchwrap
A75: Calories | B75: 530
A76: Fat | B76: 21g
A77: Saturated Fat | B77: 6g
A78: Cholesterol | B78: 25mg
A79: Sodium | B79: 1,200mg
A80: Carbohydrates | B80: 71g
A81: Fiber | B81: 6g
A82: Sugar | B82: 6g
A83: Added Sugar | B83: 0g
A84: Protein | B84: 16g
A85: Taco Bell Soft Taco
A86: Serving Size | B86: 1 Taco | C86: 2 Tacos
A87: Calories | B87: 180 | C87: =(B87*2) -> 360
A88: Fat | B88: 9g | C88: =SUM(IF(ISNUMBER( SEARCH("g",B88)), LEFT(B88, LEN(B88)-1)*1, "")*2)&"g" -> 18g
A89: Saturated Fat | B89: 4g | C89: =SUM(IF(ISNUMBER( SEARCH("g",B89)), LEFT(B89, LEN(B89)-1)*1, "")*2)&"g" -> 8g
A90: Cholesterol | B90: 25mg | C90: =SUM(IF(ISNUMBER( SEARCH("mg",B90)), LEFT(B90, LEN(B90)-2)*1, "")+(SUM(IF(ISNUMBER( SEARCH("mg",B90)), LEFT(B90, LEN(B90)-2)*1, ""))))&"mg" -> 50mg
A91: Sodium | B91: 500mg | C91: =SUM(IF(ISNUMBER( SEARCH("mg",B91)), LEFT(B91, LEN(B91)-2)*1, "")+(SUM(IF(ISNUMBER( SEARCH("mg",B91)), LEFT(B91, LEN(B91)-2)*1, ""))))&"mg" -> 1000mg
A92: Carbohydrates | B92: 17g | C92: =SUM(IF(ISNUMBER( SEARCH("g",B92)), LEFT(B92, LEN(B92)-1)*1, "")*2)&"g" -> 34g
A93: Fiber | B93: 3g | C93: =SUM(IF(ISNUMBER( SEARCH("g",B93)), LEFT(B93, LEN(B93)-1)*1, "")*2)&"g" -> 6g
A94: Sugar | B94: 1g | C94: =SUM(IF(ISNUMBER( SEARCH("g",B94)), LEFT(B94, LEN(B94)-1)*1, "")*2)&"g" -> 2g
A95: Added Sugar | B95: 0g | C95: =SUM(IF(ISNUMBER( SEARCH("g",B95)), LEFT(B95, LEN(B95)-1)*1, "")*2)&"g" -> 0g
A96: Protein | B96: 9g | C96: =SUM(IF(ISNUMBER( SEARCH("g",B96)), LEFT(B96, LEN(B96)-1)*1, "")*2)&"g" -> 18g
A97: Burger King Cheeseburger
A98: Serving Size | B98: 1 Burger | C98: 2 Burgers
A99: Calories | B99: 280 | C99: =(B99*2) -> 560
A100: Fat | B100: 10g | C100: =SUM(IF(ISNUMBER( SEARCH("g",B100)), LEFT(B100, LEN(B100)-1)*1, "")*2)&"g" -> 20g
...

Sheet Every plate means
A1: Sweet and Tangy Meatballs with Roasted Zucchini and Garlic Mashed Potatoes
A2: Serving Size | B2: 1 serving
A3: Calories | B3: 620
A4: Fat | B4: 30g
A5: Saturated Fat | B5: 13g
A6: Cholesterol | B6: 100mg
A7: Sodium | B7: 620mg
A8: Carbohydrates | B8: 61g
A9: Fiber | B9: 5g
A10: Sugar | B10: 24g
A11: Added Sugar | B11: 0g
A12: Protein | B12: 28g
B14: 1 meal
B15: 690cal
B16: 36g
B17: 15g
B18: 160g
B19: 1,270mg
B20: 51g
B21: 5g
B22: 9g
B23: 0g
B24: 37g

Sheet Combos
A1: Ham Sandwhich on Wheat | B1: Serving Size | C1: Calories | D1: Fat | E1: Saturated Fat | F1: Cholesterol | G1: Sodium | H1: Carbohydrates | I1: Fiber | J1: Sugar | K1: Added Sugar | L1: Protein
A2: 1 Sandwhich | B2: Total | C2: =SUM(C3:C6) -> 358 | D2: {=SUM(IF(ISNUMBER( SEARCH("g",D3:D6)), LEFT(D3:D6, LEN(D3:D6)-1)*1, ""))&"g"} -> 19.5g | E2: {=SUM(IF(ISNUMBER( SEARCH("g",E3:E6)), LEFT(E3:E6, LEN(E3:E6)-1)*1, ""))&"g"} -> 5g | F2: {=SUM(IF(ISNUMBER( SEARCH("mg",F3:F6)), LEFT(F3:F6, LEN(F3:F6)-2)*1, ""))&"mg"} -> 44mg | G2: {=SUM(IF(ISNUMBER( SEARCH("mg",G3:G6)), LEFT(G3:G6, LEN(G3:G6)-2)*1, ""))&"mg"} -> 933mg | H2: {=SUM(IF(ISNUMBER( SEARCH("g",H3:H6)), LEFT(H3:H6, LEN(H3:H6)-1)*1, ""))&"g"} -> 31.5g | I2: {=SUM(IF(ISNUMBER( SEARCH("g",I3:I6)), LEFT(I3:I6, LEN(I3:I6)-1)*1, ""))&"g"} -> 4g | J2: {=SUM(IF(ISNUMBER( SEARCH("g",J3:J6)), LEFT(J3:J6, LEN(J3:J6)-1)*1, ""))&"g"} -> 3.5g | K2: {=SUM(IF(ISNUMBER( SEARCH("g",K3:K6)), LEFT(K3:K6, LEN(K3:K6)-1)*1, ""))&"g"} -> 2g | L2: {=SUM(IF(ISNUMBER( SEARCH("g",L3:L6)), LEFT(L3:L6, LEN(L3:L6)-1)*1, ""))&"g"} -> 19g
B3: 3 slices of Ham | C3: 38 | D3: 1.5g | E3: 0g | F3: 19mg | G3: 413mg | H3: 1.5g | I3: 0g | J3: 1.5g | K3: 0g | L3: 6g
B4: 1 slice of Pepper Jack Cheese | C4: 70 | D4: 6g | E4: 3.5g | F4: 20mg | G4: 125mg | H4: 0g | I4: 0g | J4: 0g | K4: 0g | L4: 5g
B5: 1 Tbsp Best Foods Mayonaise | C5: 90 | D5: 10g | E5: 1.5g | F5: 5mg | G5: 95mg | H5: 0g | I5: 0g | J5: 0g | K5: 0g | L5: 0g
B6: 2 Slices Franz Whole Wheat Bread | C6: 160 | D6: 2g | E6: 0g | F6: 0mg | G6: 300mg | H6: 30g | I6: 4g | J6: 2g | K6: 2g | L6: 8g
A7: 2 Sandwhiches | B7: Total | C7: =SUM(C8:C11) -> 716 | D7: {=SUM(IF(ISNUMBER( SEARCH("g",D8:D11)), LEFT(D8:D11, LEN(D8:D11)-1)*1, ""))&"g"} -> 39g | E7: {=SUM(IF(ISNUMBER( SEARCH("g",E8:E11)), LEFT(E8:E11, LEN(E8:E11)-1)*1, ""))&"g"} -> 8.5g | F7: {=SUM(IF(ISNUMBER( SEARCH("mg",F8:F11)), LEFT(F8:F11, LEN(F8:F11)-2)*1, ""))&"mg"} -> 88mg | G7: {=SUM(IF(ISNUMBER( SEARCH("mg",G8:G11)), LEFT(G8:G11, LEN(G8:G11)-2)*1, ""))&"mg"} -> 1866mg | H7: {=SUM(IF(ISNUMBER( SEARCH("g",H8:H11)), LEFT(H8:H11, LEN(H8:H11)-1)*1, ""))&"g"} -> 63g | I7: {=SUM(IF(ISNUMBER( SEARCH("g",I8:I11)), LEFT(I8:I11, LEN(I8:I11)-1)*1, ""))&"g"} -> 8g | J7: {=SUM(IF(ISNUMBER( SEARCH("g",J8:J11)), LEFT(J8:J11, LEN(J8:J11)-1)*1, ""))&"g"} -> 7g | K7: {=SUM(IF(ISNUMBER( SEARCH("g",K8:K11)), LEFT(K8:K11, LEN(K8:K11)-1)*1, ""))&"g"} -> 4g | L7: {=SUM(IF(ISNUMBER( SEARCH("g",L8:L11)), LEFT(L8:L11, LEN(L8:L11)-1)*1, ""))&"g"} -> 38g
B8: 6 slices of Ham | C8: =SUM(C3*2) -> 76 | D8: 3g | E8: 0g | F8: 38mg | G8: 826mg | H8: 3g | I8: 0g | J8: 3g | K8: 0g | L8: 12g
B9: 6 slice of Pepper jack Cheese | C9: =SUM(C4*2) -> 140 | D9: 12g | E9: 7g | F9: 40mg | G9: 250mg | H9: 0g | I9: 0g | J9: 0g | K9: 0g | L9: 10g
B10: 2 Tbsp Best Foods Mayonaise | C10: =SUM(C5*2) -> 180 | D10: 20g | E10: 1.5g | F10: 10mg | G10: 190mg | H10: 0g | I10: 0g | J10: 0g | K10: 0g | L10: 0g
B11: 2 Slices Franz Whole Wheat Bread | C11: =SUM(C6*2) -> 320 | D11: 4g | E11: 0g | F11: 0mg | G11: 600mg | H11: 60g | I11: 8g | J11: 4g | K11: 4g | L11: 16g
A12: Peanut Butter and Jelly Sandwhiches | B12: Serving Size | C12: Calories | D12: Fat | E12: Saturated Fat | F12: Cholesterol | G12: Sodium | H12: Carbohydrates | I12: Fiber | J12: Sugar | K12: Added Sugar | L12: Protein
A13: 1 Sandwhich | B13: Total | C13: =SUM(C14:C16) -> 290 | D13: {=SUM(IF(ISNUMBER( SEARCH("g",D14:D16)), LEFT(D14:D16, LEN(D14:D16)-1)*1, ""))&"g"} -> 10g | E13: {=SUM(IF(ISNUMBER( SEARCH("g",E14:E16)), LEFT(E14:E16, LEN(E14:E16)-1)*1, ""))&"g"} -> 2g | F13: {=SUM(IF(ISNUMBER( SEARCH("mg",F14:F16)), LEFT(F14:F16, LEN(F14:F16)-2)*1, ""))&"mg"} -> 0mg | G13: {=SUM(IF(ISNUMBER( SEARCH("mg",G14:G16)), LEFT(G14:G16, LEN(G14:G16)-2)*1, ""))&"mg"} -> 370mg | H13: {=SUM(IF(ISNUMBER( SEARCH("g",H14:H16)), LEFT(H14:H16, LEN(H14:H16)-1)*1, ""))&"g"} -> 43g | I13: {=SUM(IF(ISNUMBER( SEARCH("g",I14:I16)), LEFT(I14:I16, LEN(I14:I16)-1)*1, ""))&"g"} -> 5g | J13: {=SUM(IF(ISNUMBER( SEARCH("g",J14:J16)), LEFT(J14:J16, LEN(J14:J16)-1)*1, ""))&"g"} -> 13g | K13: {=SUM(IF(ISNUMBER( SEARCH("g",K14:K16)), LEFT(K14:K16, LEN(K14:K16)-1)*1, ""))&"g"} -> 11g | L13: {=SUM(IF(ISNUMBER( SEARCH("g",L14:L16)), LEFT(L14:L16, LEN(L14:L16)-1)*1, ""))&"g"} -> 11.5g
B14: 1 Tbsp Peanut Butter | C14: 95 | D14: 8g | E14: 2g | F14: 0mg | G14: 70mg | H14: 4g | I14: 1g | J14: 2g | K14: 1g | L14: 3.5g
B15: 1 Tbsp Kirkland Organic Starwberry Spread | C15: 35 | D15: 0g | E15: 0g | F15: 0mg | G15: 0mg | H15: 9g | I15: 0g | J15: 9g | K15: 8g | L15: 0g
B16: 2 Slices Franz Whole Wheat Bread | C16: 160 | D16: 2g | E16: 0g | F16: 0mg | G16: 300mg | H16: 30g | I16: 4g | J16: 2g | K16: 2g | L16: 8g
A17: 2 Sandwhiches | B17: Total | C17: =SUM(C18:C20) -> 580 | D17: {=SUM(IF(ISNUMBER( SEARCH("g",D18:D20)), LEFT(D18:D20, LEN(D18:D20)-1)*1, ""))&"g"} -> 20g | E17: {=SUM(IF(ISNUMBER( SEARCH("g",E18:E20)), LEFT(E18:E20, LEN(E18:E20)-1)*1, ""))&"g"} -> 4g | F17: {=SUM(IF(ISNUMBER( SEARCH("mg",F18:F20)), LEFT(F18:F20, LEN(F18:F20)-2)*1, ""))&"mg"} -> 0mg | G17: {=SUM(IF(ISNUMBER( SEARCH("mg",G18:G20)), LEFT(G18:G20, LEN(G18:G20)-2)*1, ""))&"mg"} -> 770mg | H17: {=SUM(IF(ISNUMBER( SEARCH("g",H18:H20)), LEFT(H18:H20, LEN(H18:H20)-1)*1, ""))&"g"} -> 86g | I17: {=SUM(IF(ISNUMBER( SEARCH("g",I18:I20)), LEFT(I18:I20, LEN(I18:I20)-1)*1, ""))&"g"} -> 10g | J17: {=SUM(IF(ISNUMBER( SEARCH("g",J18:J20)), LEFT(J18:J20, LEN(J18:J20)-1)*1, ""))&"g"} -> 27g | K17: {=SUM(IF(ISNUMBER( SEARCH("g",K18:K20)), LEFT(K18:K20, LEN(K18:K20)-1)*1, ""))&"g"} -> 22g | L17: {=SUM(IF(ISNUMBER( SEARCH("g",L18:L20)), LEFT(L18:L20, LEN(L18:L20)-1)*1, ""))&"g"} -> 23g
B18: 2 Tbsp Peanut Butter | C18: 190 | D18: 16g | E18: 4g | F18: 0mg | G18: 170mg | H18: 8g | I18: 2g | J18: 4g | K18: 2g | L18: 7g
B19: 2 Tbsp Kirkland Organic Starwberry Spread | C19: 70 | D19: 0g | E19: 0g | F19: 0mg | G19: 0mg | H19: 18g | I19: 0g | J19: 19g | K19: 16g | L19: 0g
B20: 4 Slices Franz Whole Wheat Bread | C20: 320 | D20: 4g | E20: 0g | F20: 0mg | G20: 600mg | H20: 60g | I20: 8g | J20: 4g | K20: 4g | L20: 16g
A21: Hardboiled Egg Sandwhiches | B21: Serving Size | C21: Calories | D21: Fat | E21: Saturated Fat | F21: Cholesterol | G21: Sodium | H21: Carbohydrates | I21: Fiber | J21: Sugar | K21: Added Sugar | L21: Protein
A22: 1 Hard Boiled Egg Sandwhich | B22: Total | C22: =SUM(C23:C25) -> 410 | D22: {=SUM(IF(ISNUMBER( SEARCH("g",D23:D25)), LEFT(D23:D25, LEN(D23:D25)-1)*1, ""))&"g"} -> 27g | E22: {=SUM(IF(ISNUMBER( SEARCH("g",E23:E25)), LEFT(E23:E25, LEN(E23:E25)-1)*1, ""))&"g"} -> 4.5g | F22: {=SUM(IF(ISNUMBER( SEARCH("mg",F23:F25)), LEFT(F23:F25, LEN(F23:F25)-2)*1, ""))&"mg"} -> 195mg | G22: {=SUM(IF(ISNUMBER( SEARCH("mg",G23:G25)), LEFT(G23:G25, LEN(G23:G25)-2)*1, ""))&"mg"} -> 560mg | H22: {=SUM(IF(ISNUMBER( SEARCH("g",H23:H25)), LEFT(H23:H25, LEN(H23:H25)-1)*1, ""))&"g"} -> 30g | I22: {=SUM(IF(ISNUMBER( SEARCH("g",I23:I25)), LEFT(I23:I25, LEN(I23:I25)-1)*1, ""))&"g"} -> 4g | J22: {=SUM(IF(ISNUMBER( SEARCH("g",J23:J25)), LEFT(J23:J25, LEN(J23:J25)-1)*1, ""))&"g"} -> 2g | K22: {=SUM(IF(ISNUMBER( SEARCH("g",K23:K25)), LEFT(K23:K25, LEN(K23:K25)-1)*1, ""))&"g"} -> 2g | L22: {=SUM(IF(ISNUMBER( SEARCH("g",L23:L25)), LEFT(L23:L25, LEN(L23:L25)-1)*1, ""))&"g"} -> 14g
B23: 2 Slices Franz Whole Wheat Bread | C23: 160 | D23: 2g | E23: 0g | F23: 0mg | G23: 300mg | H23: 30g | I23: 4g | J23: 2g | K23: 2g | L23: 8g
B24: 1 Hardboiled Eggs | C24: 70 | D24: 5g | E24: 1.5g | F24: 185mg | G24: 70mg | H24: 0g | I24: 0g | J24: 0g | K24: 0g | L24: 6g
B25: 2 Tbsp Best Foods Mayonaise | C25: 180 | D25: 20g | E25: 3g | F25: 10mg | G25: 190mg | H25: 0g | I25: 0g | J25: 0g | K25: 0g | L25: 0g
A26: 2 Hard Boiled Egg Sandwhiches | B26: Total | C26: =SUM(C27:C29) -> 730 | D26: {=SUM(IF(ISNUMBER( SEARCH("g",D27:D29)), LEFT(D27:D29, LEN(D27:D29)-1)*1, ""))&"g"} -> 44g | E26: {=SUM(IF(ISNUMBER( SEARCH("g",E27:E29)), LEFT(E27:E29, LEN(E27:E29)-1)*1, ""))&"g"} -> 7.5g | F26: {=SUM(IF(ISNUMBER( SEARCH("mg",F27:F29)), LEFT(F27:F29, LEN(F27:F29)-2)*1, ""))&"mg"} -> 385mg | G26: {=SUM(IF(ISNUMBER( SEARCH("mg",G27:G29)), LEFT(G27:G29, LEN(G27:G29)-2)*1, ""))&"mg"} -> 1025mg | H26: {=SUM(IF(ISNUMBER( SEARCH("g",H27:H29)), LEFT(H27:H29, LEN(H27:H29)-1)*1, ""))&"g"} -> 60g | I26: {=SUM(IF(ISNUMBER( SEARCH("g",I27:I29)), LEFT(I27:I29, LEN(I27:I29)-1)*1, ""))&"g"} -> 8g | J26: {=SUM(IF(ISNUMBER( SEARCH("g",J27:J29)), LEFT(J27:J29, LEN(J27:J29)-1)*1, ""))&"g"} -> 4g | K26: {=SUM(IF(ISNUMBER( SEARCH("g",K27:K29)), LEFT(K27:K29, LEN(K27:K29)-1)*1, ""))&"g"} -> 4g | L26: {=SUM(IF(ISNUMBER( SEARCH("g",L27:L29)), LEFT(L27:L29, LEN(L27:L29)-1)*1, ""))&"g"} -> 28g
B27: 4 Slices Franz Whole Wheat Bread | C27: 320 | D27: 4g | E27: 0g | F27: 0mg | G27: 600mg | H27: 60g | I27: 8g | J27: 4g | K27: 4g | L27: 16g
B28: 2 Hardboiled Eggs | C28: 140 | D28: 10g | E28: 3g | F28: 370mg | G28: 140mg | H28: 0g | I28: 0g | J28: 0g | K28: 0g | L28: 12g
B29: 3 Tbsp Best Foods Mayonaise | C29: 270 | D29: 30g | E29: 4.5g | F29: 15mg | G29: 285mg | H29: 0g | I29: 0g | J29: 0g | K29: 0g | L29: 0g
A30: Protein Drink + 1 cup Whole Milk | B30: Serving Size | C30: Calories | D30: Fat | E30: Saturated Fat | F30: Cholesterol | G30: Sodium | H30: Carbohydrates | I30: Fiber | J30: Sugar | K30: Added Sugar | L30: Protein
A31: 1 Protein Drink | B31: Total | C31: =SUM(C32:C33) -> 360 | D31: {=SUM(IF(ISNUMBER( SEARCH("g",D32:D33)), LEFT(D32:D33, LEN(D32:D33)-1)*1, ""))&"g"} -> 11g | E31: {=SUM(IF(ISNUMBER( SEARCH("g",E32:E33)), LEFT(E32:E33, LEN(E32:E33)-1)*1, ""))&"g"} -> 6.5g | F31: {=SUM(IF(ISNUMBER( SEARCH("mg",F32:F33)), LEFT(F32:F33, LEN(F32:F33)-2)*1, ""))&"mg"} -> 125mg | G31: {=SUM(IF(ISNUMBER( SEARCH("mg",G32:G33)), LEFT(G32:G33, LEN(G32:G33)-2)*1, ""))&"mg"} -> 250mg | H31: {=SUM(IF(ISNUMBER( SEARCH("g",H32:H33)), LEFT(H32:H33, LEN(H32:H33)-1)*1, ""))&"g"} -> 21g | I31: {=SUM(IF(ISNUMBER( SEARCH("g",I32:I33)), LEFT(I32:I33, LEN(I32:I33)-1)*1, ""))&"g"} -> 0g | J31: {=SUM(IF(ISNUMBER( SEARCH("g",J32:J33)), LEFT(J32:J33, LEN(J32:J33)-1)*1, ""))&"g"} -> 15g | K31: {=SUM(IF(ISNUMBER( SEARCH("g",K32:K33)), LEFT(K32:K33, LEN(K32:K33)-1)*1, ""))&"g"} -> 0g | L31: {=SUM(IF(ISNUMBER( SEARCH("g",L32:L33)), LEFT(L32:L33, LEN(L32:L33)-1)*1, ""))&"g"} -> 29g
B32: 1 scoop Body Fortress Strawberry Protein Mix Strawberry | C32: 200 | D32: 3g | E32: 1.5g | F32: 90mg | G32: 120mg | H32: 8g | I32: 0g | J32: 3g | K32: 0g | L32: 20g
B33: 1 Cup (8 0z) Whole Milk | C33: 160 | D33: 8g | E33: 5g | F33: 35mg | G33: 130mg | H33: 13g | I33: 0g | J33: 12g | K33: 0g | L33: 9g

Sheet Meal Plan Attempt 1
A1: Breakfast
A2: Hormel Natural Choice Bacon
A3: Serving Size | B3: 2 Pan Fried Slices
A4: Calories | B4: 100
A5: Fat | B5: 8g
A6: Saturated Fat | B6: 2.5g
A7: Cholesterol | B7: 25mg
A8: Sodium | B8: 380mg
A9: Carbohydrates | B9: 0g
A10: Sugars | B10: 0g
A11: Added Sugar | B11: 0g
A12: Fiber | B12: 0g
A13: Protein | B13: 6g
A14: 2 Eggs
A15: Calories | B15: =(Dairy!B3*2) -> 140
A16: Fat | B16: =SUM(IF(ISNUMBER( SEARCH("g",Dairy!B4)), LEFT(Dairy!B4, LEN(Dairy!B4)-1)*1, "")+(SUM(IF(ISNUMBER( SEARCH("g",Dairy!B4)), LEFT(Dairy!B4, LEN(Dairy!B4)-1)*1, ""))))&"g" -> 10g
A17: Saturated Fat | B17: =SUM(IF(ISNUMBER( SEARCH("g",Dairy!B5)), LEFT(Dairy!B5, LEN(Dairy!B5)-1)*1, "")+(SUM(IF(ISNUMBER( SEARCH("g",Dairy!B5)), LEFT(Dairy!B5, LEN(Dairy!B5)-1)*1, ""))))&"g" -> 3g
A18: Cholesterol | B18: =SUM(IF(ISNUMBER( SEARCH("mg",Dairy!B6)), LEFT(Dairy!B6, LEN(Dairy!B6)-2)*1, "")+(SUM(IF(ISNUMBER( SEARCH("mg",Dairy!B6)), LEFT(Dairy!B6, LEN(Dairy!B6)-2)*1, ""))))&"mg" -> 370mg
A19: Sodium | B19: =SUM(IF(ISNUMBER( SEARCH("mg",Dairy!B7)), LEFT(Dairy!B7, LEN(Dairy!B7)-2)*1, "")+(SUM(IF(ISNUMBER( SEARCH("mg",Dairy!B7)), LEFT(Dairy!B7, LEN(Dairy!B7)-2)*1, ""))))&"mg" -> 140mg
A20: Carbs | B20: =SUM(IF(ISNUMBER( SEARCH("g",Dairy!B8)), LEFT(Dairy!B8, LEN(Dairy!B8)-1)*1, "")+(SUM(IF(ISNUMBER( SEARCH("g",Dairy!B8)), LEFT(Dairy!B8, LEN(Dairy!B8)-1)*1, ""))))&"g" -> 0g
A21: Fiber | B21: =SUM(IF(ISNUMBER( SEARCH("g",Dairy!B9)), LEFT(Dairy!B9, LEN(Dairy!B9)-1)*1, "")+(SUM(IF(ISNUMBER( SEARCH("g",Dairy!B9)), LEFT(Dairy!B9, LEN(Dairy!B9)-1)*1, ""))))&"g" -> 0g
A22: Sugar | B22: =SUM(IF(ISNUMBER( SEARCH("g",Dairy!B10)), LEFT(Dairy!B10, LEN(Dairy!B10)-1)*1, "")+(SUM(IF(ISNUMBER( SEARCH("g",Dairy!B10)), LEFT(Dairy!B10, LEN(Dairy!B10)-1)*1, ""))))&"g" -> 0g
A23: Added Sugar | B23: =SUM(IF(ISNUMBER( SEARCH("g",Dairy!B11)), LEFT(Dairy!B11, LEN(Dairy!B11)-1)*1, "")+(SUM(IF(ISNUMBER( SEARCH("g",Dairy!B11)), LEFT(Dairy!B11, LEN(Dairy!B11)-1)*1, ""))))&"g" -> 0g
A24: Protein | B24: =SUM(IF(ISNUMBER( SEARCH("g",Dairy!B12)), LEFT(Dairy!B12, LEN(Dairy!B12)-1)*1, "")+(SUM(IF(ISNUMBER( SEARCH("g",Dairy!B12)), LEFT(Dairy!B12, LEN(Dairy!B12)-1)*1, ""))))&"g" -> 12g
A25: 2 Toast
A26: Calories | B26: 160
A27: Fat | B27: 2g
A28: Saturated Fat | B28: 0g
A29: Cholesterol | B29: 0mg
A30: Sodium | B30: 280mg
A31: Carbs | B31: 30g
A32: Fiber | B32: 2g
A33: Sugar | B33: 4g
A34: Added Sugar | B34: 0g
A35: Protein | B35: 4g
A36: Oatmeal
A37: Serving Size | B37: 1 cup
A38: Calories | B38: 300
A39: Fat | B39: 6g
A40: Saturated Fat | B40: 1g
A41: Cholesterol | B41: 0mg
A42: Sodium | B42: 0mg
A43: Carbohydrates | B43: 54g
A44: Fiber | B44: 8g
A45: Sugar | B45: 4g
A46: Added Sugar | B46: 0g
A47: Protein | B47: 10g
A49: Total
A50: Calories
A51: Fat
A52: Saturated Fat
A53: Cholesterol
A54: Sodium
A55: Carbohydrates
A56: Sugars
A57: Added Sugar
A58: Fiber
A59: Protein
A63: Snack
A64: Celery
A65: Serving Size | B65: One medium (7 1/2" to 8" long) celery stalk (40g)
A66: Calories | B66: 5
A67: Fat | B67: 0g
A68: Saturated Fat | B68: 0g
A69: Cholesterol | B69: 0mg
A70: Sodium | B70: 32mg
A71: Carbohydrates | B71: 1g
A72: Fiber | B72: 1g
A73: Sugar | B73: 1g
A74: Added Sugar | B74: 0g
A75: Protein | B75: 0g
A76: JIF Peanut Butter
A77: Serving Size | B77: 3 Tbsp
A78: Calories | B78: 285
A79: Fat | B79: 32g
A80: Saturated Fat | B80: 8g
A81: Cholesterol | B81: 0mg
A82: Sodium | B82: 280mg
A83: Carbohydrates | B83: 16g
A84: Fiber | B84: 4g
A85: Sugar | B85: 8g
A86: Added Sugar | B86: 4g
A87: Protein | B87: 14g
A88: Chocolate Chip Granola Bar
A89: Serving Size | B89: 1 bar
A90: Calories | B90: 100
A91: Fat | B91: 3.5g
A92: Saturated Fat | B92: 1.5g
A93: Cholesterol | B93: 0mg
A94: Sodium | B94: 70mg
A95: Carbohydrates | B95: 17g
A96: Fiber | B96: 1g
A97: Sugar | B97: 7g
A98: Added Suger | B98: 7g
A99: Protein | B99: 1g
A100: Gatorade
A101: Serving Size | B101: 6 fl oz
A102: Calories | B102: 40
A103: Fat | B103: 0g
A104: Saturated Fat | B104: 0g
...
